番号,回,区分,ID,設問,選択肢1(a),選択肢2(b),選択肢3(c),選択肢4(d),選択肢5(e),正答(K列),正答解析値(L列),正答テキスト(M列)
1,67,N,67-N-001,動物福祉の国際的基準である「5つの自由(5R)」に含まれないのはどれか。,飢えと渇きからの自由,不快からの自由,痛み、傷害、病気からの自由,恐怖や抑圧からの自由,死からの自由,5,5,死からの自由
2,67,N,67-N-002,動物福祉の説明として最も適切なのはどれか。,動物の殺処分を行わないようにする。,動物を人間の福祉向上のために活用する。,動物の利用を認めながら良い状態で生活させる。,動物に人と同等の権利を認め一切の利用を否定する。,動物の疾患の予防と治療を徹底する。,3,3,動物の利用を認めながら良い状態で生活させる。
3,67,N,67-N-003,獣医師が飼い主に動物の安楽死をすすめる際に決定要因となるのはどれか。,動物が治癒に時間がかかる疾患にかかった。,動物が激しい痛みで苦しんでいる。,経済的理由でこれ以上動物を治療できない。,動物を飼育できない家へ転居する。,動物が増えすぎたので数を減らしたい。,2,2,動物が激しい痛みで苦しんでいる。
4,67,N,67-N-004,慢性疾患の犬の飼い主にインターネットで見つけた最新治療法を試してほしいと依頼された。獣医師がまずとるべき対応として適切でないのはどれか。,その治療法の内容を確認せずに、実施できないとその場で断る。,その治療法について知り合いの獣医師に尋ねる。,その治療法について自身でもインターネットで調べる。,自分が治療することが可能かその獣医師に問い合わせる。,往診が可能かその獣医師に問い合わせる。,1,1,その治療法の内容を確認せずに、実施できないとその場で断る。
5,67,N,67-N-005,多数の猫を飼育禁止の住宅で飼っている飼い主への獣医師の対応として適切でないのはどれか。,飼い主が飼育している猫の健康状態を入念にチェックする。,飼い主が飼育による近隣とのトラブルを抱えていないか行政に確認する。,飼育環境や他の猫の様子を聞き問題があれば指導をする。,病院で預かっている飼い主のいない猫の飼育を依頼する。,飼い主に他の猫についても早急に去勢・避妊手術をするよう勧める。,4,4,病院で預かっている飼い主のいない猫の飼育を依頼する。
6,67,N,67-N-006,虐待を受けたと思われる犬を診察した獣医師の対応として適切なのはどれか。,飼い主を問い詰める。,苦痛から解放するため安楽死する。,都道府県や警察に通報する。,飼い主に無断で保護施設に引き渡す。,虐待の証拠を見つけ出し告発する。,3,3,都道府県や警察に通報する。
7,67,N,67-N-007,動物実験における倫理的配慮として適切なのはどれか。,安価な実験方法で行う。,できる限り生きた動物を用いる。,必要最小限の動物を使用する。,実験中は動物が怪我をしても治療しない。,実験中は安楽死を行わない。,3,3,必要最小限の動物を使用する。
8,67,N,67-N-008,「獣医師法」に規定されていないのはどれか。,応召義務(診療に応じる義務),飼育動物の保健衛生の向上に必要な事項の指導義務,診療簿保存義務,診断書交付義務,野生動物の救護義務,5,5,野生動物の救護義務
9,67,N,67-N-009,「獣医師法」第22条で定める届出は何年ごとに行わなければならないか。,1年,2年,3年,5年,10年,2,2,2年
10,67,N,67-N-010,獣医師のみが診療を業務として行える動物はどれか。,オウム科全種,魚類,は虫類,ウサギ,ミンク,1,1,オウム科全種
11,67,N,67-N-011,獣医師のみが受けることができる任用資格はどれか。,食品衛生監視員,薬事監視員,環境衛生指導員,食鳥検査員,毒物劇物監視員,4,4,食鳥検査員
12,67,N,67-N-012,平成26年12月31日現在の我が国の獣医師数に最も近いのはどれか（届出者総数）。,1万人,4万人,8万人,15万人,30万人,2,2,4万人
13,67,N,67-N-013,「動物の愛護及び管理に関する法律」に定められている内容として正しいのはどれか。,動物の科学上の利用は禁じられている。,飼い主のいない犬は愛護動物には含まれない。,動物取扱責任者は獣医師に限られる。,充分な餌や水を与えずに衰弱させる行為は虐待に当たる。,産業動物に対する虐待や遺棄には罰則がない。,4,4,充分な餌や水を与えずに衰弱させる行為は虐待に当たる。
14,67,N,67-N-014,「と畜場法」においてと畜検査の対象でない動物はどれか。,牛,馬,豚,山羊,イノシシ,5,5,イノシシ
15,67,N,67-N-015,「狂犬病予防法」を所管しているのはどれか。,厚生労働省,農林水産省,環境省,経済産業省,内閣府,1,1,厚生労働省
16,67,N,67-N-016,食品の国際規格を定めるのはどれか。,国際獣疫事務局(OIE),国連世界食糧計画(WFP),国連食糧農業機関(FAO),世界貿易機関(WTO),コーデックス委員会(CAC),5,5,コーデックス委員会(CAC)
17,67,N,67-N-017,叢毛胎盤をもつ動物はどれか。,牛,馬,豚,犬,猫,1,1,牛
18,67,N,67-N-018,平滑筋からなるものはどれか。,立毛筋,横隔膜筋部,肋間筋,心筋,固有舌筋,1,1,立毛筋
19,67,N,67-N-019,下垂体前葉が分泌するホルモンはどれか。,アンドロジェン,性腺刺激ホルモン放出ホルモン(GnRH),プロラクチン,オキシトシン,インヒビン,3,3,プロラクチン
20,67,N,67-N-020,一次能動輸送を構成するのはどれか。,Na チャネル,Na+- K+ ポンプ,Na K+-2C1-共輸送体,Na H+アンチポーター,アクアポリン,2,2,Na+- K+ ポンプ
21,67,N,67-N-021,生体膜内外のプロトン勾配を利用して ATP合成を行うのはどれか。,ゴルジ複合体,ミトコンドリア,小胞体,リソソーム,リボソーム,2,2,ミトコンドリア
22,67,N,67-N-022,細胞内情報伝達のセカンドメッセンジャーとして機能するのはどれか。,Gタンパク質,リン酸,トリアシルグリセロール,二酸化窒素,CAMP,5,5,CAMP
23,67,N,67-N-023,「麻薬及び向精神薬取締法」に基づき麻薬に指定されている薬はどれか。,ペンタゾシン,ジアゼパム,ブトルファノール,ケタミン,ブプレノルフィン,4,4,ケタミン
24,67,N,67-N-024,有機リン系殺虫薬はどれか。,プラリドキシム,アレスリン,ジクロルボス,オフロキサシン,クロチアニジン,3,3,ジクロルボス
25,67,N,67-N-025,亜急性脊髄視神経症(SMON)の原因物質はどれか。,キノホルム,サリドマイド,ソリブジン,ストレプトマイシン,クロロキン,1,1,キノホルム
26,67,N,67-N-026,類上皮細胞の由来はどれか。,好中球,好酸球,リンパ球,形質細胞,マクロファージ,5,5,マクロファージ
27,67,N,67-N-027,悪性上皮性腫瘍はどれか。,脂肪腫,血管肉腫,甲状腺腫,乳腺癌,脾腫,4,4,乳腺癌
28,67,N,67-N-028,エンベロープをもたないウイルスはどれか。,口蹄疫ウイルス,ニューカッスル病ウイルス,鳥インフルエンザウイルス,豚コレラウイルス,ウエストナイルウイルス,1,1,口蹄疫ウイルス
29,67,N,67-N-029,DNA ウイルスはどれか。,ニューカッスル病ウイルス,伝染性気管支炎ウイルス,伝染性胃腸炎ウイルス,豚流行性下痢ウイルス,豚サーコウイルス,5,5,豚サーコウイルス
30,67,N,67-N-030,抗体産生細胞はどれか。,好中球,ヘルパーT細胞,NK細胞,形質細胞,キラーT細胞,4,4,形質細胞
31,67,N,67-N-031,ニワトリヌカカによって媒介される家きんの感染症はどれか。,ニューカッスル病,鶏脳脊髄炎,封入体肝炎,伝染性コリーザ,ロイコチトゾーン症,5,5,ロイコチトゾーン症
32,67,N,67-N-032,ウサギのコクシジウムはどれか。,Eimeria tenella,Eimeria stiedai,Eimeria necatrix,Eimeria maxima,Eimeria ovina,2,2,Eimeria stiedai
33,67,N,67-N-033,吸虫の発育環でないのはどれか。,ミラシジウム,レジア,スポロゾイト,セルカリア,スポロシスト,3,3,スポロゾイト
34,67,N,67-N-034,食中毒を起こす細菌はどれか。,ペスト菌,リステリア菌,豚丹毒菌,ジフテリア菌,結核菌,2,2,リステリア菌
35,67,N,67-N-035,細菌性人獣共通感染症はどれか.,腎症候性出血熱,黄熱,パスツレラ症,リーシュマニア症,ヒストプラズマ症,3,3,パスツレラ症
36,67,N,67-N-036,「環境基本法」の定義における「公害」(典型7公害)に含まれないのはどれか。,地盤の沈下,振動,悪臭,廃棄物問題,騒音,4,4,廃棄物問題
37,67,N,67-N-037,「飼養衛生管理基準」が策定されているのはどれか。,みつばち,馬,犬,猫,ウサギ,2,2,馬
38,67,N,67-N-038,症例対照研究について正しいのはどれか。,コホート研究より時間と費用を要する。,前向き研究である。,寄与リスクを算出できる。,暴露状態が正確にわかる。,オッズ比を用いる。,5,5,オッズ比を用いる。
39,67,N,67-N-039,ハインツ小体が出現する血球はどれか。,赤血球,好中球,リンパ球,単球,血小板,1,1,赤血球
40,67,N,67-N-040,犬と猫の体表からの超音波検査で正常な臓器構造の描出が難しいのはどれか。,心臓,肺,眼球,腎臓,脾臓,2,2,肺
41,67,N,67-N-041,牛、馬、豚、羊において、欠乏により白筋症を引き起こすビタミンはどれか。,ビタミンA,ビタミンB1,ビタミンK,ビタミンD,ビタミンE,5,5,ビタミンE
42,67,N,67-N-042,「獣医療法施行規則」に記載された放射線診療従事者等の一年間の実効線量の被ばく線量限度(男性)はどれか。,1ミリシーベルト,10ミリシーベルト,50ミリシーベルト,100ミリシーベルト,1シーベルト,3,3,50ミリシーベルト
43,67,N,67-N-043,測定過大(測定障害)は主にどの部位の病変によって生じるか。,大脳,間脳,脳幹,小脳,脊髄,4,4,小脳
44,67,N,67-N-044,レッグペルテス病に関する記述として適当なのはどれか。,大型犬に発生が多い。,通常両側性に発生する。,跛行症状が認められることはまれである。,大腿骨近位骨端への血液供給障害が原因となる。,大部分の症例が内科的保存療法で治癒する。,4,4,大腿骨近位骨端への血液供給障害が原因となる。
45,67,N,67-N-045,合成非吸収性縫合糸の材料はどれか。,ポリプロピレン,絹糸,ポリジオキサノン,カットグット,ポリグリコネート,1,1,ポリプロピレン
46,67,N,67-N-046,長日季節繁殖動物はどれか。,馬,牛,豚,犬,ラット,1,1,馬
47,67,N,67-N-047,豚の妊娠期間として適当なのはどれか。,約60日,約115日,約150日,約280日,約330日,2,2,約115日
48,67,N,67-N-048,胚盤胞の内部細胞塊から樹立される細胞はどれか。,B細胞,CHO細胞,NK細胞,HeLa 細胞,ES細胞,5,5,ES細胞
49,67,N,67-N-049,魚類の鰓の機能はどれか。,消化,浸透圧調整,浮力調整,聴覚,造血,2,2,浸透圧調整
50,67,N,67-N-050,犬の右側傍胸骨心基部短軸心エコー像における大動脈付近の構造について。,主肺動脈,大動脈,左心房,右心房,右心室,1,1,主肺動脈
1,68,N,68-N-001,「動物の愛護及び管理に関する法律」において愛護動物に該当しないのはどれか。,実験動物として飼育されている「ラット」,家畜として飼育されている「山羊」,野生の「シカ」,動物園で飼育されている「ラクダ」,家庭で飼育されている「カメ」,3,3,野生の「シカ」
2,68,N,68-N-002,獣医師の対応として誤っているのはどれか。,診察した動物が虐待されていると思われたため都道府県知事に通報した。,狂犬病と診断したため直ちに保健所長に届け出た。,飼い主に診療費の不払いがあったが診療依頼に応じた。,外部機関に血液検査を依頼した。,飼い主に電話で問診しただけで診断書を交付した。,5,5,飼い主に電話で問診しただけで診断書を交付した。
3,68,N,68-N-003,老齢の飼い主が老犬を動物病院に連れてきて安楽死させることを求めた。診察してみると健康上の問題はなかった。理由を尋ねると、1か月後に老人ホームに入所予定のため犬を飼えなくなるという。獣医師の対応として最も適切なのはどれか。,それ以上話を聞かずに追い返す。,保健所に連れていくことを勧める。,別の病院を紹介する。,何も言わず直ぐに犬を安楽死する。,新しい飼い主を探すことを勧め、その手伝いをする。,5,5,新しい飼い主を探すことを勧め、その手伝いをする。
4,68,N,68-N-004,犬が行方不明になった飼い主Aのポスターを掲示した後、別の飼い主Bがその犬と酷似した犬を連れて来院した。Bは保護した犬を手放すつもりはないと言う。獣医師の最初の対応として最も適切なのはどれか。,Aと連絡を取るようBを説得する。,Aには何も知らせないで放っておく。,Bとはこれ以上話さず、見つかったことをAに知らせる。,Bには今後この動物病院に来ないことを勧める。,Aを呼んで犬をあきらめるよう説得する。,1,1,Aと連絡を取るようBを説得する。
5,68,N,68-N-005,獣医師が牛の診療中、飼料に無認可の成長促進ホルモン剤が常に添加されていることに気づいた。畜主は無認可であることを知っていた。獣医師が最初にとるべき行動として最も適切なのはどれか。,それ以後はその牧場と関わらないようにする。,飼育している牛を全て食肉処理場へ送るよう勧める。,見なかったことにして何もしない。,すぐに添加をやめるように警告して関連する行政機関に連絡する。,牛の健康状態をチェックして問題がなければ放置する。,4,4,すぐに添加をやめるように警告して関連する行政機関に連絡する。
6,68,N,68-N-006,「獣医師法」において獣医師のみが診療を業務として行える動物として誤っているのはどれか。,牛,山羊,ウサギ,馬,うずら,3,3,ウサギ
7,68,N,68-N-007,「獣医師法」において牛の診療簿の保存期間はどれか。,1年,3年,8年,20年,特に規定はない。,3,3,8年
8,68,N,68-N-008,診療を業務とする獣医師の臨床研修実施について規定している法律はどれか。,獣医師法,獣医療法,家畜伝染病予防法,家畜保健衛生所法,狂犬病予防法,1,1,獣医師法
9,68,N,68-N-009,我が国の牛で1998~2014年に最も発生が多かった疾患はどれか。,炭疽,ヨーネ病,結核,ブルセラ病,伝達性海綿状脳症,2,2,ヨーネ病
10,68,N,68-N-010,動物用医薬品の国家検定を実施している機関はどこか。,独立行政法人農林水産消費安全技術センター,独立行政法人医薬品医療機器総合機構,厚生労働省国立感染症研究所,農林水産省動物医薬品検査所,厚生労働省国立医薬品食品衛生研究所,4,4,農林水産省動物医薬品検査所
11,68,N,68-N-011,動物用医薬品による副作用が発生した場合の報告先はどれか。,厚生労働大臣,農林水産大臣,都道府県知事,消費生活センター,食品安全委員会,2,2,農林水産大臣
12,68,N,68-N-012,公衆衛生行政関連法規に関する記述として正しいのはどれか。,と畜検査員は獣医師である必要はない。,「食品衛生法」には食品添加物に関する規制は含まれない。,食用に供さない獣畜のとさつおよび解体にも、と畜検査が必要である。,鑑札と狂犬病予防注射済票の犬への装着は飼い主の義務である。,飼育犬の登録は「動物の愛護及び管理に関する法律」による義務である。,4,4,鑑札と狂犬病予防注射済票の犬への装着は飼い主の義務である。
13,68,N,68-N-013,2010~2014年の我が国における牛のと畜検査で全部廃棄の原因として最多のものはどれか。,敗血症,尿毒症,膿毒症,黄疸(高度のもの),水腫(高度のもの),5,5,水腫(高度のもの)
14,68,N,68-N-014,食品衛生監視員に関する記述として正しいのはどれか。,食品営業施設への立ち入り検査を実施し、食品の安全性を確認する。,食品営業施設において食品の製造又は加工を衛生的に管理する。,と畜場で生体検査を実施する。,農林水産大臣により任命される。,食品安全基本法に基づく任用資格である。,1,1,食品営業施設への立ち入り検査を実施し、食品の安全性を確認する。
15,68,N,68-N-015,「狂犬病予防法」による輸出入検疫義務動物はどれか。,牛,スカンク,コウモリ,馬,オオカミ,2,2,スカンク
16,68,N,68-N-016,「感染症の予防及び感染症の患者に対する医療に関する法律」により原則として輸入禁止である動物はどれか。,鳥類,ウサギ,タヌキ,キツネ,犬,3,3,タヌキ
17,68,N,68-N-017,犬の上行大動脈から直接続くのはどれか。,下行大動脈,大動脈弓,胸大動脈,腹大動脈,総頚動脈,2,2,大動脈弓
18,68,N,68-N-018,球形に近い脾臓をもつのはどれか。,牛,豚,馬,犬,鶏,5,5,鶏
19,68,N,68-N-019,チロシンからアドレナリンが生合成される経路にある物質はどれか。,アセチルコリン,ドパミン,バソプレッシン,フェニルアラニン,プロラクチン,2,2,ドパミン
20,68,N,68-N-020,下垂体後葉ホルモンはどれか。,プロラクチン,黄体形成ホルモン,成長ホルモン,オキシトシン,卵胞刺激ホルモン,4,4,オキシトシン
21,68,N,68-N-021,水溶性のホルモンはどれか。,グルカゴン,テストステロン,エストロジェン,プロジェステロン,チロキシン,1,1,グルカゴン
22,68,N,68-N-022,アセチルCoAと縮合してクエン酸を生成する物質はどれか。,イソクエン酸,スクシニル CoA,コハク酸,リンゴ酸,オキサロ酢酸,5,5,オキサロ酢酸
23,68,N,68-N-023,アチパメゾールによって作用が拮抗されるのはどれか.,アザペロン,クロルプロマジン,ジアゼパム,アモバルビタール,キシラジン,5,5,キシラジン
24,68,N,68-N-024,マクロライド系抗生物質はどれか。,ゲンタマイシン,アンピシリン,エリスロマイシン,オフロキサシン,ルフェヌロン,3,3,エリスロマイシン
25,68,N,68-N-025,メトヘモグロビン血症を誘発する物質はどれか。,ニトロベンゼン,シアン化水素,サポニン,一酸化炭素,ペニシリン,1,1,ニトロベンゼン
26,68,N,68-N-026,老化により心筋細胞に沈着する色素はどれか。,ヘモジデリン,リポフスチン,ビリルビン,ポルフィリン,メラニン,2,2,リポフスチン
27,68,N,68-N-027,非上皮性悪性腫瘍はどれか。,腺癌,カルチノイド,乳頭腫,線維腫,横紋筋肉腫,5,5,横紋筋肉腫
28,68,N,68-N-028,グラム染色で陽性を示す細菌の属はどれか。,サルモネラ属,バクテロイデス属,バルトネラ属,エンテロコッカス属,アクチノバチルス属,4,4,エンテロコッカス属
29,68,N,68-N-029,2015年に我が国で発生のあった感染症はどれか。,アフリカ豚コレラ,鼻疽,オーエスキー病,ニパウイルス感染症,小反芻獣疫,3,3,オーエスキー病
30,68,N,68-N-030,抗原提示細胞として誤っているのはどれか。,マクロファージ,樹状細胞,B細胞,ランゲルハンス細胞,形質細胞,5,5,形質細胞
31,68,N,68-N-031,原虫によるみつばちの疾患はどれか。,ノゼマ病,チョーク病,バロア病,ヨーロッパ腐蛆病,サックブルード病,1,1,ノゼマ病
32,68,N,68-N-032,中間宿主体内に共尾虫が発育する条虫はどれか。,猫条虫,胞状条虫,無鉤条虫,有鉤条虫,多頭条虫,5,5,多頭条虫
33,68,N,68-N-033,不完全変態を行う昆虫はどれか。,カ,ブユ,ノミ,シラミ,サシバエ,4,4,シラミ
34,68,N,68-N-034,ネズミがレゼルボアとなる人獣共通感染症はどれか。,ニューカッスル病,日本脳炎,ペスト,ヘンドラウイルス感染症,Bウイルス感染症,3,3,ペスト
35,68,N,68-N-035,大腸菌群の定義に当てはまるのはどれか。,グラム陽性,球菌,乳糖分解,芽胞形成,偏性嫌気性,3,3,乳糖分解
36,68,N,68-N-036,シックハウス症候群の主な原因はどれか。,細菌などの微生物,日照時間,動物の毛やふけ,揮発性有機化合物(VOCs),衛生害虫,4,4,揮発性有機化合物(VOCs)
37,68,N,68-N-037,搾乳後の乳頭消毒に適している消毒薬はどれか。,グルタラール,ポピドンヨード,ホルマリン,クレゾール,消石灰,2,2,ポピドンヨード
38,68,N,68-N-038,「特定家畜伝染病防疫指針」が定められている疾患はどれか。,オーエスキー病,家きんコレラ,アフリカ豚コレラ,腐蛆病,豚流行性下痢,3,3,アフリカ豚コレラ
39,68,N,68-N-039,異常低値が肝機能低下を示唆する血液検査項目はどれか。,アンモニア,ALT,アルブミン,総胆汁酸,総ビリルビン,3,3,アルブミン
40,68,N,68-N-040,腎臓から分泌される生理活性物質はどれか。,バソプレッシン,アルドステロン,インスリン,エリスロポエチン,アンギオテンシン II,4,4,エリスロポエチン
41,68,N,68-N-041,馬のワラビ中毒で欠乏するビタミンはどれか。,A,B1,D3,E,K,2,2,B1
42,68,N,68-N-042,筋組織に最も近いX線不透過性を有するのはどれか。,肝臓,脂肪,肺,骨,金属,1,1,肝臓
43,68,N,68-N-043,放射性同位元素を用いた検査はどれか。,MRI検査,陽電子断層撮影(PET)検査,CT検査,超音波検査,X線透視検査,2,2,陽電子断層撮影(PET)検査
44,68,N,68-N-044,内反縫合はどれか。,単純結節縫合,ギャンビー縫合,かがり縫合,レンベルト縫合,水平マットレス縫合,4,4,レンベルト縫合
45,68,N,68-N-045,吸入麻酔薬はどれか。,プロポフォール,フェンタニル,ジアゼパム,ブトルファノール,セボフルラン,5,5,セボフルラン
46,68,N,68-N-046,犬の膝関節において断裂の発生率が最も高い靭帯はどれか。,内側側副靱帯,外側側副靱帯,前十字靭帯,後十字靭帯,膝蓋靱帯,3,3,前十字靭帯
47,68,N,68-N-047,単発情動物はどれか。,犬,猫,馬,豚,めん羊,1,1,犬
48,68,N,68-N-048,雌の発情周期が約4日間である動物はどれか。,猫,山羊,馬,ラット,豚,4,4,ラット
49,68,N,68-N-049,マウスのクローズドコロニーの説明として適切なのはどれか。,一定の集団内のみで繁殖を5年以上継続した系統,特定の突然変異遺伝子をもつ動物同士を交配して維持した系統,異なる系統の動物を交配しながら維持した系統,兄妹交配を20世代以上継続した系統,特定の遺伝子座のみをヘテロに保ちながら近親交配を維持した系統,1,1,一定の集団内のみで繁殖を5年以上継続した系統
50,68,N,68-N-050,硬骨魚類の主な造血組織はどれか。,膵臓,肝臓,鰾,腎臓,真皮,4,4,腎臓
1,69,N,69-N-001,小学校での講演内容として適当でないのはどれか。,牛や豚の治療を行うこと,人獣共通感染症予防がヒトの健康に役立つこと,畜産の生産性を最も重視し、動物愛護を考慮する必要はないこと,食品の安全性確保に貢献すること,家畜の糞尿処理の指導を行うこと,3,3,畜産の生産性を最も重視し、動物愛護を考慮する必要はないこと
2,69,N,69-N-002,犬の無駄吠えを理由に飼い主が声帯切除手術を希望して来院した。対応として最も適切なのはどれか。,すぐに手術を実施する。,まずは動物行動の専門家に相談するように勧める。,しつけの問題であるとして診察を拒否する。,去勢手術を実施する。,安楽死を実施する。,2,2,まずは動物行動の専門家に相談するように勧める。
3,69,N,69-N-003,搾乳牛の往診で口唇周囲にびらんを認め、同居牛にも同様の症状があった。獣医師が最初にとるべき行動として適切なのはどれか。,畜主を叱責し、以後は行かない。,治療牛の乳を廃棄するよう指示する。,保健所へ連絡するか畜主に判断を委ねる。,口蹄疫を疑い、管轄の家畜保健衛生所に連絡する。,消毒して次の往診先へ向かう。,4,4,口蹄疫を疑い、管轄の家畜保健衛生所に連絡する。
4,69,N,69-N-004,入院中に死亡した動物の飼い主に対し、最も慎むべき言葉はどれか。,全力を尽くしたが残念です。,連れて来るのが遅かったので私のせいではありません。,助けられなかったのは悔しいです。,後学のために解剖させてください。,辛い治療によく頑張ってくれました。,2,2,連れて来るのが遅かったので私のせいではありません。
5,69,N,69-N-005,転居して来た飼い主が、前の病院と同じ薬を処方してほしいと飼い主のみで来院した。対応として適切なのはどれか。,聞いたとおりの薬を処方する。,前の医者に連絡して確認し処方する。,まずは当該の犬を連れてくるように伝える。,飼い主だけで来るのは非常識だと言う。,体重を聞いて最新の薬を処方する。,3,3,まずは当該の犬を連れてくるように伝える。
6,69,N,69-N-006,「獣医師法」における獣医師の職務・任務として誤っているのはどれか。,飼育動物に関する診療,動物に関する保健衛生の向上,畜産業の発達,公衆衛生の向上,小動物産業の発達,5,5,小動物産業の発達
7,69,N,69-N-007,獣医師免許及び獣医師名簿に関する記述として正しいのはどれか。,試験合格者は申請なしで免許が交付される。,名簿登録事項の1つに本籍地がある。,登録事項に変更があれば都道府県知事に申請する。,診療施設には免許を掲示しなければならない。,2年ごとに市区町村長に届け出る義務がある。,2,2,名簿登録事項の1つに本籍地がある。
8,69,N,69-N-008,「獣医療法」において、診療施設の開設届は開設の日から何日以内か。,7日,10日,14日,20日,30日,2,2,10日
9,69,N,69-N-009,「獣医療法」において、広告内容として認められているのはどれか。,獣医師の専門科名,手術が他より優良であること,予防注射に要する費用,飼育動物の健康診断に要する費用,著名人が来院していること,1,1,獣医師の専門科名
10,69,N,69-N-010,「動物の愛護及び管理に関する法律」により規定された項目として適当でないのはどれか。,特定動物の飼養許可,動物取扱業者の登録,災害時の動物救護,特定外来生物の飼育,犬および猫の引き取り,4,4,特定外来生物の飼育
11,69,N,69-N-011,大規模災害時および備えにおいて獣医師が果たすべき役割として適切でないのはどれか。,しつけの普及啓発,自治体と協働した家庭動物救護,自治体と協働した産業動物救護,マイクロチップ等による識別支援,医師によるヒトへの医療行為の代行,5,5,医師によるヒトへの医療行為の代行
12,69,N,69-N-012,「家畜伝染病予防法」の「飼養衛生管理基準」が対象としない動物はどれか。,豚,馬,あひる,みつばち,きじ,4,4,みつばち
13,69,N,69-N-013,「と畜場法」の規定に基づく「獣畜」に含まれるのはどれか。,山羊,しか,イノシシ,だちょう,鶏,1,1,山羊
14,69,N,69-N-014,「狂犬病予防法」による犬の登録の申請先はどれか。,都道府県知事,保健所長,家畜保健衛生所長,農林水産大臣,市区町村長,5,5,市区町村長
15,69,N,69-N-015,「食品衛生法」が対象としないのはどれか。,食品添加物,容器包装,食器や食材の洗浄剤,乳幼児用おもちゃ,医薬品,5,5,医薬品
16,69,N,69-N-016,食品を輸入しようとする者が輸入届出書を提出する先はどれか。,市区町村,都道府県,検疫所(厚生労働省),食品安全委員会,地方農政局,3,3,検疫所(厚生労働省)
17,69,N,69-N-017,哺乳類家畜で粘膜に絨毛を有する部位はどれか。,食道,胃底腺部,幽門腺部,十二指腸,結腸,4,4,十二指腸
18,69,N,69-N-018,哺乳類家畜で皮質と髄質が存在する器官はどれか。,甲状腺,上皮小体,胸腺,脾臓,松果体,3,3,胸腺
19,69,N,69-N-019,下垂体後葉から分泌されるホルモンはどれか。,プロラクチン,成長ホルモン,副腎皮質刺激ホルモン,バソプレッシン,サイロキシン,4,4,バソプレッシン
20,69,N,69-N-020,腎臓の糸球体傍細胞から分泌されるのはどれか。,アンギオテンシノーゲン,コルチゾール,アルドステロン,アンギオテンシンI,レニン,5,5,レニン
21,69,N,69-N-021,ステロイドホルモンが合成される主な細胞小器官はどれか。,リソソーム,リボソーム,ゴルジ複合体,粗面小胞体,滑面小胞体,5,5,滑面小胞体
22,69,N,69-N-022,犬の必須アミノ酸でないのはどれか。,イソロイシン,ロイシン,リジン,タウリン,メチオニン,4,4,タウリン
23,69,N,69-N-023,強心作用を示す薬はどれか。,ピモベンダン,プロプラノロール,ベラパミル,アミオダロン,キニジン,1,1,ピモベンダン
24,69,N,69-N-024,解離性麻酔薬はどれか。,チオペンタール,プロポフォール,イソフルラン,アルファキサロン,ケタミン,5,5,ケタミン
25,69,N,69-N-025,貝毒はどれか。,シガトキシン,サキシトキシン,パリトキシン,オクラトキシン,アフラトキシン,2,2,サキシトキシン
26,69,N,69-N-026,骨格筋の死後硬直が最初に発現する部位はどれか。,顎,頚部,躯幹,前肢,後肢,1,1,顎
27,69,N,69-N-027,アミロイドを証明する染色法として適切なのはどれか。,マッソン・トリクローム染色,コンゴ赤染色,グリメリウス法,ベルリン青染色,コッサ反応,2,2,コンゴ赤染色
28,69,N,69-N-028,グラム陰性菌に共通してみられる構造はどれか。,芽胞,ペリプラズム,莢膜,鞭毛,線毛,2,2,ペリプラズム
29,69,N,69-N-029,インフルエンザウイルスがゲノム複製時に使用する酵素はどれか。,トポイソメラーゼ,ノイラミニダーゼ,DNA 依存性RNAポリメラーゼ,RNA 依存性RNAポリメラーゼ,逆転写酵素,4,4,RNA 依存性RNAポリメラーゼ
30,69,N,69-N-030,犬ジステンパーウイルスが属するウイルス科はどれか。,オルトミクソウイルス科,パラミクソウイルス科,ラブドウイルス科,フラビウイルス科,パルボウイルス科,2,2,パラミクソウイルス科
31,69,N,69-N-031,日本脳炎ウイルスの増幅動物はどれか。,馬,牛,豚,ヒト,鶏,3,3,豚
32,69,N,69-N-032,寄生世代と自由生活世代との交代がみられる線虫はどれか。,豚回虫,広東住血線虫,コロンビア腸結節虫,豚腎虫,糞線虫,5,5,糞線虫
33,69,N,69-N-033,Eimeria 属原虫の生活環で宿主体外で形成されるのはどれか。,マクロガメトサイト,スポロゾイト,シゾント,ザイゴート,メロゾイト,2,2,スポロゾイト
35,69,N,69-N-035,寄生虫性食中毒のうち海産魚介類の生食が原因となるのはどれか。,肝蛭症,有鉤嚢虫症,アニサキス症,肺吸虫症,旋毛虫症,3,3,アニサキス症
36,69,N,69-N-036,「水道法」の水質基準で「検出されないこと」とされるのはどれか。,水銀,カドミウム,鉛,大腸菌,赤痢菌,4,4,大腸菌
37,69,N,69-N-037,鶏への生ワクチン投与法として適切でないのはどれか。,噴霧・散霧法,浸漬法,穿刺法,点鼻法,飲水投与,2,2,浸漬法
38,69,N,69-N-038,疫学において観察研究に含まれないのはどれか。,症例対照研究,介入研究,コホート研究,横断研究,生態学的研究,2,2,介入研究
39,69,N,69-N-039,犬の体表(表在) リンパ節はどれか。,浅頚リンパ節,内腸骨リンパ節,腸間膜リンパ節,胸骨リンパ節,脾リンパ節,1,1,浅頚リンパ節
40,69,N,69-N-040,貧血の評価に用いられる血液検査項目はどれか。,白血球数,血小板数,ヘマトクリット(PCV),血清総蛋白濃度,BUN,3,3,ヘマトクリット(PCV)
41,69,N,69-N-041,成牛の消化管で最も容積が大きいのはどれか。,第一胃,第二胃,第三胃,第四胃,盲腸,1,1,第一胃
42,69,N,69-N-042,放射線感受性が最も高い組織・器官はどれか。,筋肉,唾液腺,神経,造血組織,肝臓,4,4,造血組織
43,69,N,69-N-043,核磁気共鳴現象を用いた画像検査法はどれか。,CT検査,X線検査,MRI検査,核医学検査,超音波検査,3,3,MRI検査
44,69,N,69-N-044,並置縫合はどれか。,ギャンビー縫合,レンベルト縫合,クッシング縫合,パーカー・カー縫合,巾着縫合,1,1,ギャンビー縫合
45,69,N,69-N-045,疼痛および鎮痛に関する記述として適切でないのはどれか。,疼痛は生体防御機構として重要である。,疼痛は情動反応も引き起こす。,術後疼痛は血圧維持に有用なので鎮痛すべきでない。,疼痛が持続すると痛覚過敏になりやすい。,マルチモーダル鎮痛が有用である。,3,3,術後疼痛は血圧維持に有用なので鎮痛すべきでない。
46,69,N,69-N-046,術野の皮膚消毒に用いる薬剤として適当なのはどれか。,フェノール,エチレンオキシド,クロルヘキシジン,グルタールアルデヒド,第4級アンモニウム塩,3,3,クロルヘキシジン
47,69,N,69-N-047,馬の妊娠期間として適当なのはどれか。,約60日,約115日,約150日,約280日,約335日,5,5,約335日
48,69,N,69-N-048,豚の胎盤はどれか。,上皮絨毛胎盤,結合織絨毛胎盤,内皮絨毛胎盤,血絨毛絨毛性胎盤,血絨毛迷路性胎盤,1,1,上皮絨毛胎盤
49,69,N,69-N-049,セグリゲイティング近交系の定義として正しいのはどれか。,特定の遺伝子座のみヘテロに保ち近親交配を継続した系統,特定の変異遺伝子型を有している系統,兄妹交配を20世代以上行った系統,5年以上一定集団内のみで繁殖される動物群,遺伝背景を他の系統に置き換えた系統,1,1,特定の遺伝子座のみヘテロに保ち近親交配を継続した系統
50,69,N,69-N-050,真骨魚類のリンパ器官はどれか。,脳,鰾,胃,肝臓,腎臓,5,5,腎臓
1,70,N,70-N-001,獣医師が友人と一緒に海外旅行へ行った時に、市中の食料品店で豚肉加工製品のソーセージを土産に買って帰りたいと相談された。獣医師の対応として最も適切なのはどれか。,自宅に少量持ち帰るなら問題ないと答える。,正規の手続きを踏んでいないものは持ち帰らないよう勧める。,においが漏れないように梱包することを助言する。,よくわからないので自分で判断してくれと答える。,見つからなければ大丈夫と持ち帰りを勧める。,2,2,正規の手続きを踏んでいないものは持ち帰らないよう勧める。
2,70,N,70-N-002,ある農家で繁殖の定期検診を終えた後、農家の人から一週間前に別の同僚の獣医師が手術を行った搾乳牛の元気がないとのことで診察を依頼された。確認したところ手術創が化膿しており、ガーゼが残っていた。獣医師がとるべき行動として正しいのはどれか。,ガーゼは飼い主に見られないようにすぐ廃棄する。,化膿した手術創をそのままにする。,処置はすべて終了したため診療所には報告はしない。,手術ミスであることを農家に説明して謝罪する。,同僚獣医師には黙っておく。,4,4,手術ミスであることを農家に説明して謝罪する。
3,70,N,70-N-003,産業動物診療施設に勤務する同僚の獣医師が夏休みに東南アジアへ旅行する予定があるが、診療施設には話していないと聞いた。獣医師として正しい言動はどれか。,私的な行動なので知らないふりをする。,汚染国でも滅多に病原体は付着しないので好きな場所に行くことを勧める。,海外旅行に行くことを予め上司に報告すべきと忠告する。,帰国後は人手が足りないのですぐに診療に回ってもらうと伝える。,海外で着た服等は見た目がきれいなら何も処置はしなくてよいと伝える。,3,3,海外旅行に行くことを予め上司に報告すべきと忠告する。
4,70,N,70-N-004,飼い主に対して問診を行う際の心がけとして適当でないのはどれか。,飼い主の視点に立つ。,客観性を持つ。,立ち姿や言葉などで威圧し獣医師としての威厳を保つ。,詳細で丁寧、具体的な問診を行う。,系統的に聴取することで聞き洩らしを防ぐ。,3,3,立ち姿や言葉などで威圧し獣医師としての威厳を保つ。
5,70,N,70-N-005,ミニチュア・ダックスフンド、5歳齢。進行性網膜萎縮による失明と診断した。飼い主は愛犬が失明したことを嘆き、途方に暮れている。獣医師の対応として適切なのはどれか。,もう何もできることはないので今後病院に来る必要はないと伝える。,愛犬が散歩に行きたがっても散歩に行ってはならないと指導する。,飼い主の意向を無視して安楽死を行う。,注意が散漫だったことを非難する。,これからの生活の中での不安を聞きできる限り対応や提案を行う。,5,5,これからの生活の中での不安を聞きできる限り対応や提案を行う。
6,70,N,70-N-006,飼い猫に拳大の乳腺癌が自壊し肺転移による呼吸困難も伴って苦しんでいる姿に耐えられないと、安楽死を希望する飼い主が来院。獣医師の対応として適切なのはどれか。,動物愛護団体に引き取ってもらうようにいう。,動物愛護センターに連れて行くようにいう。,放置しても自然に亡くなるから安楽死は必要ないという。,状況に関係なく治療を続けることが飼い主の務めであると説得する。,猫を十分診察した上で安楽死について説明し、実施する。,5,5,猫を十分診察した上で安楽死について説明し、実施する。
7,70,N,70-N-007,畜産分野の獣医師に期待される役割として適当でないのはどれか。,家畜の健康を維持するため疾病予防プログラムや疾病治療を実施する。,畜産物の安全性を確保するため農場における生産工程管理を指導する。,畜産経営の向上のため新しい技術情報等を生産者に提供する。,診療施設の利益を優先して利益が少ない治療は行わない。,獣医学的知識や技術を活かしてアニマルウェルフェアの普及を図る。,4,4,診療施設の利益を優先して利益が少ない治療は行わない。
8,70,N,70-N-008,「家畜伝染病予防法」で定められている家畜伝染病はどれか。,結核病,牛白血病,オーエスキー病,ニパウイルス感染症,マレック病,1,1,結核病
9,70,N,70-N-009,産業動物のアニマルウェルフェア基準に関する検討を行いガイドラインを策定している国際機関はどれか。,FAO(国連食糧農業機関),WHO(世界保健機関),ILRI(国際家畜研究所),WFP(国連世界食糧計画),OIE(国際獣疫事務局),5,5,OIE(国際獣疫事務局)
10,70,N,70-N-010,食品安全委員会の役割として正しいのはどれか。,リスク管理の実施,消費者を含めない専門家だけのリスクコミュニケーション,リスク評価に基づいた施策の策定,食品健康影響評価,食品表示基準の運用,4,4,食品健康影響評価
11,70,N,70-N-011,特定家畜伝染病防疫指針が定められていない疾病はどれか。,高病原性鳥インフルエンザ,口蹄疫,豚コレラ,牛海綿状脳症,牛白血病,5,5,牛白血病
12,70,N,70-N-012,「狂犬病予防法」に基づいて輸出入検疫を実施している動物はどれか。,牛,サル,ウサギ,タヌキ,スカンク,5,5,スカンク
13,70,N,70-N-013,獣医師がサルをマールブルグ病と診断した時に届け出る機関として「感染症の予防及び感染症の患者に対する医療に関する法律」で定められているのはどこか。,保健所,家畜保健衛生所,動物検疫所,検疫所,国立感染症研究所,1,1,保健所
14,70,N,70-N-014,国内において農場での高病原性鳥インフルエンザ発生時の防疫措置として正しいのはどれか。,発生鶏舎にいる健康個体への農場雇用の獣医師によるワクチン接種,発生鶏舎以外の鶏舎にいる鶏の遠方農場への避難,アルコールによる鶏舎の消毒,家きんの死体の放置,発生農場周辺における通行制限または遮断,5,5,発生農場周辺における通行制限または遮断
15,70,N,70-N-015,「獣医師法」で定められた診療動物とその診療簿の保存期間の組合せとして正しいのはどれか。,鶏 - 8年間,めん羊 - 8年間,犬 - 8年間,山羊 - 3年間,牛 - 3年間,2,2,めん羊 - 8年間
16,70,N,70-N-016,「医薬品、医療機器等の品質、有効性及び安全性の確保等に関する法律」で定められた毒薬又は劇薬に関する記述として適当でないのはどれか。,毒薬は容器等に「毒」の文字が記載されている。,劇薬は容器等に「劇」の文字が記載されている。,毒薬は帳簿を作成して在庫管理をする等の対応が求められる。,毒薬または劇薬は他の物と一緒に貯蔵してもよい。,毒薬を貯蔵する場所には鍵を施さなければならない。,4,4,毒薬または劇薬は他の物と一緒に貯蔵してもよい。
17,70,N,70-N-017,結腸ラセンワナをもつ動物はどれか。,馬,牛,犬,ウサギ,鶏,2,2,牛
18,70,N,70-N-018,喉嚢(耳管憩室)が見られる動物はどれか.,牛,馬,豚,犬,鶏,2,2,馬
19,70,N,70-N-019,杆体の視物質はどれか。,ロドプシン,メラトニン,フェロモン,グルタミン酸,アセチルコリン,1,1,ロドプシン
20,70,N,70-N-020,嘔吐中枢が存在する部位はどれか。,視床下部,下垂体,海馬,小脳,延髄,5,5,延髄
21,70,N,70-N-021,ステロイドホルモンの前駆物質はどれか。,グルコース,アミノ酸,コレステロール,デオキシリボ核酸,リボ核酸,3,3,コレステロール
22,70,N,70-N-022,脂肪酸を分解しアセチルCoAを生成する代謝反応 (経路)はどれか。,β酸化,ペントースリン酸経路,酸化的リン酸化,解糖,クエン酸回路,1,1,β酸化
23,70,N,70-N-023,非ステロイド系抗炎症薬はどれか。,カルプロフェン,ヒドロコルチゾン,デキサメサゾン,アロプリノール,ブプレノルフィン,1,1,カルプロフェン
24,70,N,70-N-024,ムスカリン受容体拮抗薬はどれか。,ネオスチグミン,アトロピン,プラリドキシム,ベタネコール,レセルピン,2,2,アトロピン
26,70,N,70-N-026,貧血性梗塞を起こしやすい臓器の組合せとして適切なのはどれか。,肺・腸,肺・肝臓,腸・心臓,心臓・腎臓,腎臓・肝臓,4,4,心臓・腎臓
27,70,N,70-N-027,心臓病細胞の由来はどれか。,好中球,II型肺胞上皮,肺胞マクロファージ,心筋細胞,血管内皮細胞,3,3,肺胞マクロファージ
28,70,N,70-N-028,小反芻獣疫ウイルスが属するウイルス科はどれか。,オルトミクソウイルス,パラミクソウイルス,ピコルナウイルス,ラブドウイルス,トガウイルス,2,2,パラミクソウイルス
29,70,N,70-N-029,オーエスキー病ウイルスが属するウイルス科はどれか。,ヘルペスウイルス,ポックスウイルス,アスファウイルス,フラビウイルス,パルボウイルス,1,1,ヘルペスウイルス
30,70,N,70-N-030,2011年に地球上から撲滅宣言された動物の疾患はどれか。,豚コレラ,アフリカ豚コレラ,口蹄疫,牛疫,ブルータング,4,4,牛疫
31,70,N,70-N-031,破傷風抗毒素血清による予防・治療はどの効果を期待するか。,液性免疫,細胞性免疫,自然免疫,受身免疫,母子免疫,4,4,受身免疫
32,70,N,70-N-032,牛の糞便内虫卵検査により検出できる寄生虫はどれか。,ブルーストリパノソーマ,小型ピロプラズマ,指状糸状虫,小形膵蛭,単包条虫,4,4,小形膵蛭
33,70,N,70-N-033,節足動物を中間宿主とするのはどれか。,有鉤条虫,猫条虫,犬条虫(瓜実条虫),多包条虫,胞状条虫,3,3,犬条虫(瓜実条虫)
34,70,N,70-N-034,リケッチアに起因する人獣共通感染症はどれか。,リーシュマニア症,オウム病,日本紅斑熱,ヒストプラズマ症,鼠咬症,3,3,日本紅斑熱
35,70,N,70-N-035,鶏肉の生食が原因となることが多い食中毒はどれか。,腸炎ビブリオ食中毒,カンピロバクター食中毒,ノロウイルス食中毒,セレウス菌食中毒,ブドウ球菌食中毒,2,2,カンピロバクター食中毒
36,70,N,70-N-036,医療関係機関等から発生する産業廃棄物として誤っているのはどれか。,凝固血液,ゴム製手袋,アルコール,血清,実験動物の死体,5,5,実験動物の死体
37,70,N,70-N-037,乳房炎の予防対策として適当でないのはどれか。,搾乳直後にディッピングを行う。,牛舎内を清潔に保つ。,乾乳期治療を行う。,感染牛の搾乳を最初に行う。,抗生物質を適正に使用する。,4,4,感染牛の搾乳を最初に行う。
38,70,N,70-N-038,放牧地の管理として適当でないのはどれか。,暑熱から回避できる庇陰林を配置する。,入牧前には牛の健康や栄養状態を調べる。,有毒植物をできる限り除去する。,牛を切株や鋭利な岩石などに近づけないようにする。,栄養価が高いマメ科牧草を増やすようにする。,5,5,栄養価が高いマメ科牧草を増やすようにする。
39,70,N,70-N-039,成犬の正常歯列として正しい（上顎/下顎）組合せはどれか。,切歯3/3 犬歯1/1 前臼歯3/3 後臼歯3/3,切歯3/3 犬歯1/1 前臼歯3/3 後臼歯3/3,切歯3/3 犬歯1/1 前臼歯4/4 後臼歯2/3,切歯3/3 犬歯1/1 前臼歯4/4 後臼歯3/3,切歯3/3 犬歯1/1 前臼歯4/4 後臼歯3/3,5,5,切歯3/3 犬歯1/1 前臼歯4/4 後臼歯3/3
40,70,N,70-N-040,犬と猫の直腸温として正常範囲内にあるのはどれか。,35.5℃,36.2℃,37.0℃,38.6℃,39.8℃,4,4,38.6℃
41,70,N,70-N-041,腹部聴打診で金属性有響音(ピング音)を特徴とする牛の疾患はどれか。,第一胃食滞,第一胃アシドーシス,創傷性第二胃腹膜炎,第三胃食滞,第四胃変位,5,5,第四胃変位
42,70,N,70-N-042,放射線の吸収線量を表す単位はどれか。,C/kg,Gy,Bq,Sv,R,2,2,Gy
43,70,N,70-N-043,放射線障害のうち確率的影響はどれか。,白血病,脱毛,白内障,放射線肺炎,皮膚紅斑,1,1,白血病
44,70,N,70-N-044,壊死組織を除去することで創を清潔・新鮮化し、治癒を促進するための外科処置はどれか。,ドレッシング,スクラビング,ドレナージ,バンデージング,デブリードマン,5,5,デブリードマン
45,70,N,70-N-045,手術に用いるドレープの役割として最も適切なのはどれか。,アルコールの蒸発を防ぐ,皮膚常在菌の増殖抑制,術中の放熱促進,手術部位周囲に清潔野をつくり維持する,手術部位を見やすくする,4,4,手術部位周囲に清潔野をつくり維持する
46,70,N,70-N-046,全身麻酔に求められる要素として適切でないのはどれか。,意識喪失,鎮痛,各種脊髄反射の維持,不動,安全,3,3,各種脊髄反射の維持
47,70,N,70-N-047,交尾排卵動物はどれか。,牛,馬,豚,犬,ウサギ,5,5,ウサギ
48,70,N,70-N-048,黄体退行作用をもつのはどれか。,GnRH,FSH,hCG,PGF2a,プロラクチン,4,4,PGF2a
49,70,N,70-N-049,SPF 動物の定義として正しいのはどれか。,すべての微生物・寄生虫がいない,微生物叢が不明,特に指定された微生物・寄生虫がいない,帝王切開で無菌飼育している,特定の微生物を定着させた,3,3,特に指定された微生物・寄生虫がいない
50,70,N,70-N-050,真骨魚類の浸透圧調節に働く塩類細胞はどこに存在するか。,鰓,腸,肝臓,腎臓,皮膚,1,1,鰓
1,71,N,71-N-001,定期的に来院している犬の飼い主が怪我をしているスズメを保護して治療をしてほしいと来院。獣医師の対応として最も適切なのはどれか。,野生鳥獣は専門外のため追い返す。,飼い主とは良好な関係を続けたいので法律の説明はせず治療を行う。,面倒なので元の場所に戻すように指示する。,人獣共通感染症に罹患している可能性も踏まえて衛生指導を行う。,診察はせず以前飼い犬に処方した外用薬を塗布するよう伝える。,4,4,人獣共通感染症に罹患している可能性も踏まえて衛生指導を行う。
2,71,N,71-N-002,手術を行う際に飼い主のインフォームド・コンセントを得る方法として最も適切なのはどれか。,同じ手術で失敗したことはないと強調し合併症については説明しない。,診断名と手術方法を告げるので自分で調べて判断するよう伝える。,正確な表現をするため専門用語のみを用いて説明する。,細かな説明はせずに同意書にサインをもらう。,手術の必要性と危険性についてわかりやすく説明する。,5,5,手術の必要性と危険性についてわかりやすく説明する。
3,71,N,71-N-003,治療を続けていた猫を亡くした飼い主が、2週間経っても悲しい気持ちが続いてしまい悩んでいると来院。獣医師の対応として最も適切なのはどれか。,猫は寿命が短いから仕方がないとだけ伝える。,猫のことは早々に忘れて次の動物を飼うように勧める。,とにかく我慢するしかないと諭す。,共に暮らした動物の死を悲しむことは当然であると共感を示す。,仕事が忙しいので別の人に聞いてもらうよう対応を拒否する。,4,4,共に暮らした動物の死を悲しむことは当然であると共感を示す。
4,71,N,71-N-004,ある農場の繁殖検診に行った際、痩せて衰弱した牛を目にした。管理者に聞くと長期不受胎の牛が数日前から起立不能になったが、連休明けには廃用予定のため特に治療もせず放置しているとのこと。獣医師として最も適切な対応はどれか。,牛を命あるものとして扱っていないことを頭ごなしに強く叱責する。,管理者の同意を得ることなく輸液などの治療を実施する。,起立不能になった牛は無視して繁殖検診のみを実施する。,廃用予定であっても必要な治療をするように説得する。,管理者に黙って安楽殺を行う。,4,4,廃用予定であっても必要な治療をするように説得する。
5,71,N,71-N-005,管理獣医師として養豚場を巡回した際に、最近になって使用禁止となった飼料添加物を含む飼料が保管されていた。管理者に聞いたところ「捨てるのはもったいないので、在庫分は使い切るつもりだ」と答えた。獣医師の対応として最も適切なのはどれか。,当該飼料の扱いは管理者に任せて何も指示しない。,なるべく早く使い切るように助言する。,使用禁止の意味を説明し速やかに廃棄するよう指導する。,使用すれば法令違反であると強く叱責する。,子豚にのみ使用して出荷の近い肥育豚には与えないように注意を促す。,3,3,使用禁止の意味を説明し速やかに廃棄するよう指導する。
6,71,N,71-N-006,A農家で病気の搾乳牛の治療として抗菌薬を投与した直後、急な難産の連絡が入り、乳の出荷停止を伝えずに別の農家に急行した。難産の処置終了後、A農家に連絡したところ、管理者は「すでに治療牛の乳は集乳車に集められたが大丈夫だろう」と答えた。獣医師の対応として最も適切なのはどれか。,管理者が大丈夫だと言うのでそのままにする。,1農家であれば抗菌薬の検査は陰性になると考えて何もしない。,管理者には知らせず集乳者に直接連絡する。,生乳廃棄で損失を被るのは農家なので関係ないと判断する。,管理者に謝罪して集乳者に出荷中止の連絡をするよう依頼する。,5,5,管理者に謝罪して集乳者に出荷中止の連絡をするよう依頼する。
7,71,N,71-N-007,家畜保健衛生所の役割について誤っているのはどれか。,家畜の伝染性疾病の予防に関する助言,食鳥処理場における食鳥の検査,家畜人工授精の実施に関する事務,飼養衛生管理基準に関する畜産農家の指導,特定の月齢以上で死亡した牛の伝達性海綿状脳症の検査,2,2,食鳥処理場における食鳥の検査
8,71,N,71-N-008,我が国の牛トレーサビリティ制度が成立するきっかけとなった感染症はどれか。,伝達性海綿状脳症,口蹄疫,ヨーネ病,牛疫,牛白血病,1,1,伝達性海綿状脳症
9,71,N,71-N-009,「家畜伝染病予防法」において家畜伝染病に指定されていないのはどれか。,炭疽,小反芻獣疫,アフリカ馬疫,家きんコレラ,豚流行性下痢,5,5,豚流行性下痢
10,71,N,71-N-010,「飼料の安全性の確保及び品質の改善に関する法律」で対象となっている動物でないのはどれか。,鹿,牛,鶏,犬,豚,4,4,犬
11,71,N,71-N-011,「医薬品、医療機器等の品質、有効性及び安全性の確保等に関する法律」に規定されているのはどれか。,動物用医薬品を法律で規定する対象動物に使用する場合の基準,獣医師が狂犬病予防員からの狂犬病予防の協力依頼に応じる義務,獣医師が法律に定められている疾病を診断した場合の届出義務,食品中の農薬、飼料添加物及び動物用医薬品の残留規制に関する規定,獣医師又は診療施設の業務に関する広告の制限,1,1,動物用医薬品を法律で規定する対象動物に使用する場合の基準
12,71,N,71-N-012,「獣医師法」により獣医師に交付義務がある書類として誤っているのはどれか。,出生証明書,診断書,指示書,死産証明書,検案書,3,3,指示書
13,71,N,71-N-013,狂犬病の汚染国に生まれてそのまま飼っている猫を日本に輸入する場合の処置、検査として誤っているのはどれか。,マイクロチップの埋入,必要回数の狂犬病ワクチンの接種,農林水産大臣が指定する施設での狂犬病ワクチンの抗体価検査,抗体価の検査のための採血をした日から輸出国での180日間待機,日本到着時の厚生労働省による検査,5,5,日本到着時の厚生労働省による検査
14,71,N,71-N-014,飼育動物の生活環境における「5つの自由」の概念にあてはまる対応として誤っているのはどれか。,食べ物や飲み物を欲しがるだけ食べさせること,怪我をしたら治療を受けさせること,精神的な苦痛を取り除くこと,清潔な場所で飼育すること,習性に合った行動がとれるように工夫すること,1,1,食べ物や飲み物を欲しがるだけ食べさせること
15,71,N,71-N-015,「愛がん動物用飼料の安全性の確保に関する法律」で対象となっている動物に含まれるのはどれか。,猫,フェレット,豚,カメ,ニシキゴイ,1,1,猫
16,71,N,71-N-016,「獣医師法」に規定される項目で誤っているのはどれか。,診療した場合に診療簿に記載しなければならない。,自ら診察しないで診断書を交付してはならない。,獣医師でなければウサギの診療を業としてはならない。,診療を業務とする獣医師は正当な理由がなければ診療を拒んではならない。,2年ごとに氏名などの必要事項を届出なければならない。,3,3,獣医師でなければウサギの診療を業としてはならない。
17,71,N,71-N-017,距と呼ばれる掌球または足底球の痕跡的構造がみられる動物はどれか。,牛,馬,犬,猫,豚,2,2,馬
18,71,N,71-N-018,哺乳類家畜の縦隔の中に含まれていないのはどれか。,心臓,胸管,前大静脈,迷走神経,肺,5,5,肺
19,71,N,71-N-019,牛で排卵を引き起こすホルモンはどれか。,GH,LH,プロラクチン,プロジェステロン,FSH,2,2,LH
20,71,N,71-N-020,腎臓でアルドステロンの作用により Na⁺が再吸収される部位はどれか。,糸球体,近位尿細管,ヘンレループの下行脚,ヘンレループの上行脚,集合管,5,5,集合管
21,71,N,71-N-021,DNAの塩基でないのはどれか。,チミン,アデニン,シトシン,ウラシル,グアニン,4,4,ウラシル
22,71,N,71-N-022,硫黄原子(S)を含む側鎖をもつアミノ酸はどれか。,ロイシン,セリン,アスパラギン,メチオニン,グルタミン酸,4,4,メチオニン
23,71,N,71-N-023,血液凝固抑制薬(抗凝固薬)はどれか。,トロンビン,エリスロポエチン,ワルファリン,フィトナジオン,トラネキサム酸,3,3,ワルファリン
24,71,N,71-N-024,投与した薬が全身循環血液中に到達した割合を示すパラメーターはどれか。,治療係数,全身クリアランス,消失半減期,バイオアベイラビリティ,分布容積,4,4,バイオアベイラビリティ
25,71,N,71-N-025,悪性中皮腫を引き起こす物質として適当なのはどれか。,アスベスト,パラコート,カドミウム,アフラトキシン B1,鉛,1,1,アスベスト
26,71,N,71-N-026,脂質の検出に用いられる組織染色法として適切なのはどれか。,グリメリウス法,トルイジン青染色,マッソン・トリクローム染色,コンゴー赤染色,ズダンⅢ染色,5,5,ズダンⅢ染色
27,71,N,71-N-027,アステロイド体(棍棒体集落)の形成が特徴的な疾患はどれか。,放線菌症,ブルセラ症,仮性結核,ヨーネ病,鼻疽,1,1,放線菌症
28,71,N,71-N-028,1本鎖DNAウイルスはどれか。,パピローマウイルス,パルボウイルス,アデノウイルス,アスファウイルス,ポックスウイルス,2,2,パルボウイルス
29,71,N,71-N-029,垂直伝播による感染はどれか。,飛沫感染,介卵感染,媒介昆虫による感染,日和見感染,交尾感染,2,2,介卵感染
30,71,N,71-N-030,ニドウイルス目に属するウイルス科はどれか。,ラブドウイルス,アレナウイルス,コロナウイルス,ビルナウイルス,アデノウイルス,3,3,コロナウイルス
31,71,N,71-N-031,すべての細菌が持つのはどれか。,線毛,べん毛,核膜,莢膜,リボソーム,5,5,リボソーム
32,71,N,71-N-032,オーシスト内にスポロシストを形成しないのはどれか。,Eimeria stiedai,Cystoisospora canis,Cryptosporidium parvum,Toxoplasma gondii,Sarcocystis cruzi,3,3,Cryptosporidium parvum
33,71,N,71-N-033,卵胎生のものはどれか。,牛肺虫,糞線虫,東洋眼虫,広墳住血線虫,旋毛虫,5,5,旋毛虫
34,71,N,71-N-034,温室効果ガスのうち我が国で年間排出量が最も多いのはどれか。,二酸化炭素,メタン,ハイドロフルオロカーボン類,六フッ化硫黄,一酸化二窒素,1,1,二酸化炭素
35,71,N,71-N-035,蚊が媒介する人獣共通感染症はどれか。,発疹チフス,リフトバレー熱,Q熱,ライム病,ペスト,2,2,リフトバレー熱
36,71,N,71-N-036,HACCPの7原則に含まれないのはどれか。,フローダイアグラムの作成,危害要因分析の実施,必須管理点 (CCP)の決定,許容限界(管理基準)の確立,検証方式の設定,1,1,フローダイアグラムの作成
37,71,N,71-N-037,我が国で野生動物を対象にワクチンが使用されている感染症はどれか。,高病原性鳥インフルエンザ,狂犬病,豚コレラ(CSF),口蹄疫,オーエスキー病,3,3,豚コレラ(CSF)
38,71,N,71-N-038,調査対象集団を特徴が異なるグループに分けた後、各グループから無作為抽出する標本抽出法はどれか。,系統無作為抽出法,単純無作為抽出法,多段階無作為抽出法,層化無作為抽出法,集落無作為抽出法,4,4,層化無作為抽出法
39,71,N,71-N-039,良性腫瘍の特徴に関する記述として適切なのはどれか。,リンパ行性に転移しやすい。,血行性に転移しやすい。,境界明瞭で被膜を有する。,周囲組織への浸潤性が高い。,全身への影響が大きい。,3,3,境界明瞭で被膜を有する。
40,71,N,71-N-040,チアノーゼが示唆する病態はどれか。,貧血,低血圧,低栄養,低体温,低酸素,5,5,低酸素
41,71,N,71-N-041,欠乏により乳熱の原因となるのはどれか。,カリウム,クロール,ナトリウム,カルシウム,グルコース,4,4,カルシウム
42,71,N,71-N-042,X線不透過性が最も高い臓器はどれか。,肺,心臓,骨,脂肪,肝臓,3,3,骨
43,71,N,71-N-043,放射線の晩発性障害はどれか。,発癌,皮膚の紅斑,白血球減少,下痢,脱毛,1,1,発癌
44,71,N,71-N-044,ミニチュア・ダックスフンドを飼育している飼い主から、チャイムや物音に反応して吠えて困ると訴えがあった。獣医師の対応として適切でないのはどれか。,吠えやすい犬種であり正常な行動であるため我慢するよう伝える。,犬の行動について専門外であるため専門獣医師を紹介する。,訪問診療など普段の行動を見せてもらうことを提案する。,基礎疾患が原因となる場合もあるため健康診断を勧める。,吠える状況を詳しく聞いて一緒に解決策を考える。,1,1,吠えやすい犬種であり正常な行動であるため我慢するよう伝える。
45,71,N,71-N-045,創傷治癒の阻害要因として適当でないのはどれか。,壊死組織,豊富な血流,漿液腫,細菌感染,異物,2,2,豊富な血流
46,71,N,71-N-046,犬でキャスト(ギプス包帯) 固定が適応となる骨折部位はどれか。,肋骨,頭蓋骨,腸骨,脛骨骨幹部,肩甲骨,4,4,脛骨骨幹部
47,71,N,71-N-047,牛の妊娠期間として適当なのはどれか。,63日,114日,150日,280日,335日,4,4,280日
48,71,N,71-N-048,雌牛で発情期だけに見られる行動はどれか。,咆哮,フレーメン,ライトニング,乗駕行動,被乗駕行動,5,5,被乗駕行動
49,71,N,71-N-049,実験動物に加わる物理的ストレッサーはどれか。,温熱,闘争,感染,薬物,炎症,1,1,温熱
50,71,N,71-N-050,魚類の鱗(うろこ)が存在する場所はどれか。,表皮層,真皮層,皮下組織,筋肉,クチクラ層,2,2,真皮層
1,72,N,72-N-001,ある疾患の犬の治療に対して2種類の治療法が考えられた。治療法 Aは回復が期待でき費用は50万円かかる。一方、治療法Bは対症療法であり費用は5千円かかる。以前から、飼い主は高額な治療費を払えないと話していた。獣医師の対応として適切なのはどれか。,いずれの治療法についても有効性と費用に関して説明する。,飼い主の要望に合わせて治療法Bのみ説明する。,治療法Aを選択しないのであれば当院では診察できないと告げる。,安価にするため治療法Aの薬用量を本来の1/100にして実施する。,治療法Bは利益が少ないので何もしないことを勧める。,1,1,いずれの治療法についても有効性と費用に関して説明する。
2,72,N,72-N-002,犬、ミニチュア・ダックスフンド、雄、2歳齢。検診の結果、進行性網膜萎縮であることがわかった。飼い主はブリーダーであり、この犬の被毛色は珍しいため繁殖に残したいという。獣医師の対応として適切なのはどれか。,進行性網膜萎縮は遺伝性疾患のため繁殖に用いるべきではないと伝える。,ブリーダーとしての生活がかかっているため特に意見は言わない。,進行性網膜萎縮の原因や治療を探る研究に役立つため繁殖を推奨する。,進行性網膜萎縮は治療法がないため安楽死を勧める。,犬は嗅覚や聴覚が優れているため視覚が消失しても何ら問題ないと伝える。,1,1,進行性網膜萎縮は遺伝性疾患のため繁殖に用いるべきではないと伝える。
3,72,N,72-N-003,拾った猫を飼いたいと近所の子供から相談をうけた際に、獣医師が子供に説明する内容として適切でないのはどれか。,命を終えるまで飼育する。,食餌は人間の食べ残しでよい。,室内で飼育する。,健康診断の受診を勧める。,家族に事前に相談する。,2,2,食餌は人間の食べ残しでよい。
4,72,N,72-N-004,台風の接近により特別警報が発令されている夕方に、土砂災害警戒地域の農家から牛の助産依頼があった。獣医師の対応として適切なのはどれか。,連絡が遅いと批判する。,他の獣医師に頼むようにと伝えてすぐに電話を切る。,台風ですぐには往診できないことを伝えアドバイスをする。,通常の10倍の報酬であればすぐにかけつけると伝える。,自分が往診できないため牛を連れてくるように伝える。,3,3,台風ですぐには往診できないことを伝えアドバイスをする。
5,72,N,72-N-005,別の診療所の獣医師が診ている繁殖障害の牛がなかなか治らないので、セカンドオピニオンのために診療にきてほしいという電話が農家からあった。獣医師の対応として適切なのはどれか。,農家に行き詳しい事情を聞いてから牛を診る。,その獣医師は信頼できないと非難する。,その獣医師に継続して診てもらうよう農家を説得する。,難しい問題になりそうなのですぐに断る。,その獣医師とはトラブルを避けるために話さないようにする。,1,1,農家に行き詳しい事情を聞いてから牛を診る。
6,72,N,72-N-006,牛の口や鼻の周囲に点状の出血がみられた後、体温の低下と暗褐色の激しい下痢があり、診察中に死亡した。牛疫が疑われたため、獣医師が最初にとるべき対応として適切なのはどれか。,その他の生きている牛を直ちに出荷するよう勧める。,死亡した牛を直ちに敷地内に埋めるように指示する。,非常に珍しい徴候のためSNSで発表する。,直ちに都道府県知事に届け出る。,研究価値が高いので大学へ検体を送る。,4,4,直ちに都道府県知事に届け出る。
7,72,N,72-N-007,「狂犬病予防法」に関する記述として正しいのはどれか。,狂犬病予防員は都道府県の職員であれば獣医師でなくてもよい。,鑑札および注射済み票は飼い主が保管すれば犬へ装着しなくてもよい。,登録又は予防注射を受けていない犬でも理由があれば抑留しなくてもよい。,犬の所有者は原則として市町村長に犬の登録を申請しなければならない。,猫の所有者は猫に狂犬病の予防注射を毎年1回受けさせなければならない。,4,4,犬の所有者は原則として市町村長に犬の登録を申請しなければならない。
8,72,N,72-N-008,「遺伝子組換え生物等の使用等の規制による生物の多様性の確保に関する法律(カルタヘナ法)」において生物として扱われないのはどれか。,ウイルス,細菌,真菌,原虫,培養細胞,5,5,培養細胞
9,72,N,72-N-009,「感染症の予防及び感染症の患者に対する医療に関する法律」に基づく獣医師が診断した場合に届出が義務付けられている犬の疾患はどれか。,レプトスピラ症,ブルセラ症,細菌性赤痢,結核,エキノコックス症,5,5,エキノコックス症
10,72,N,72-N-010,食品安全委員会が設置されている行政機関はどれか。,環境省,厚生労働省,消費者庁,内閣府,農林水産省,4,4,内閣府
11,72,N,72-N-011,家畜共済制度の対象動物はどれか。,馬,山羊,めん羊,鶏,みつばち,1,1,馬
12,72,N,72-N-012,「獣医師法」に定める獣医師の義務として正しいのはどれか。,診療施設の開設の届出,家畜伝染病の届出,毎年の確定申告,飼育動物に関する保健衛生の向上に必要な事項の指導,医薬品等による副作用の報告,4,4,飼育動物に関する保健衛生の向上に必要な事項の指導
13,72,N,72-N-013,「感染症の予防及び感染症の患者に対する医療に関する法律」に基づく輸入禁止対象動物はどれか。,ハクビシン,チンチラ,ハムスター,フェネック,スカンク,1,1,ハクビシン
14,72,N,72-N-014,法律で獣医師のみに認められている行為はどれか。,と畜検査,和牛の人工授精,マウスを用いた動物実験,だちょう農場の経営,飼い主へのペット保険の勧誘,1,1,と畜検査
15,72,N,72-N-015,獣医師名簿の登録事項でないのはどれか。,氏名,生年月日,居住地,本籍,性別,3,3,居住地
16,72,N,72-N-016,動物衛生の向上を目的とした国際機関の略称として正しいのはどれか。,CAC,FAO,OIE,WHO,WTO,3,3,OIE
17,72,N,72-N-017,犬において内耳をおさめる骨はどれか。,前頭骨,後頭骨,側頭骨,蝶形骨,鋤骨,3,3,側頭骨
18,72,N,72-N-018,前肢の指骨格が第三指のみとなっているのはどれか。,牛,馬,豚,犬,ウサギ,2,2,馬
19,72,N,72-N-019,血小板凝集において血小板を架橋するのはどれか。,プラスミン,トロンビン,ヘパリン,フィブリン,フィブリノーゲン,5,5,フィブリノーゲン
20,72,N,72-N-020,強い胆嚢収縮作用をもつ消化管ホルモンはどれか。,ガストリン,セクレチン,グルカゴン,コレシストキニン,モチリン,4,4,コレシストキニン
21,72,N,72-N-021,アミノ酸をリボソームへ運搬するのはどれか。,マイクロ RNA (miRNA),メッセンジャー RNA (mRNA),低分子干渉 RNA(siRNA),リボソーム RNA (rRNA),トランスファー RNA (tRNA),5,5,トランスファー RNA (tRNA)
22,72,N,72-N-022,ヒスチジンから合成されるのはどれか。,ドパミン,ノルアドレナリン,一酸化窒素,セロトニン,ヒスタミン,5,5,ヒスタミン
23,72,N,72-N-023,ループ利尿薬はどれか。,フロセミド,モザパプタン,スピロノラクトン,アセタゾラミド,ヒドロクロロチアジド,1,1,フロセミド
24,72,N,72-N-024,犬で活性の低い代謝経路はどれか。,アセチル化,グリシン抱合,グルクロン酸抱合,硫酸抱合,エステル結合,1,1,アセチル化
25,72,N,72-N-025,無毒性量を表す略語はどれか。,LOAEL,NOAEL,LOEL,NOEL,MTD,2,2,NOAEL
26,72,N,72-N-026,急性炎症の四主徴として適切でないのはどれか。,発赤,熱感,腫脹,疼痛,細胞浸潤,5,5,細胞浸潤
27,72,N,72-N-027,DIC(播種性血管内凝固)でみられる血栓はどれか。,白色血栓,硝子血栓,混合血栓,赤色血栓,凝固血栓,2,2,硝子血栓
28,72,N,72-N-028,A型インフルエンザウイルスが属するウイルス科はどれか。,レオウイルス科,コロナウイルス科,オルトミクソウイルス科,フラビウイルス科,パラミクソウイルス科,3,3,オルトミクソウイルス科
29,72,N,72-N-029,分節RNAをゲノムとするウイルス科はどれか。,フィロウイルス科,ラブドウイルス科,フラビウイルス科,コロナウイルス科,レオウイルス科,5,5,レオウイルス科
30,72,N,72-N-030,真菌による感染症はどれか。,伝染性膿疱性皮膚炎,類鼻疽,仮性皮疽,悪性水腫,腺疫,3,3,仮性皮疽
31,72,N,72-N-031,エンベロープを有するウイルス科はどれか。,アデノウイルス科,ラブドウイルス科,カリシウイルス科,パルボウイルス科,ピコルナウイルス科,2,2,ラブドウイルス科
32,72,N,72-N-032,虫卵に小蓋をもつ寄生虫はどれか。,日本住血吸虫,多包条虫,マンソン裂頭条虫,犬回虫,犬鉤虫,3,3,マンソン裂頭条虫
33,72,N,72-N-033,円葉目条虫の成熟片節にない構造はどれか。,排泄管,メーリス腺,卵黄腺,子宮孔(産卵孔),生殖孔,4,4,子宮孔(産卵孔)
34,72,N,72-N-034,「動物の愛護及び管理に関する法律」を所管する省庁はどれか。,内閣府,農林水産省,厚生労働省,環境省,文部科学省,4,4,環境省
35,72,N,72-N-035,「いずし」で起こることが多い食中毒はどれか。,黄色ブドウ球菌食中毒,ボツリヌス菌食中毒,セレウス菌食中毒,ウェルシュ菌食中毒,腸炎ビブリオ食中毒,2,2,ボツリヌス菌食中毒
36,72,N,72-N-036,シャーガス病の主な発生地域はどれか。,アフリカ,ヨーロッパ,東南アジア,オーストラリア,中南米,5,5,中南米
37,72,N,72-N-037,芽胞に有効な消毒薬として最も適当なのはどれか。,クレゾール石鹸,グルタラール,両性界面活性剤,第4級アンモニウム塩,クロルヘキシジン,2,2,グルタラール
38,72,N,72-N-038,馬にビタミンB1欠乏症を引き起こす有毒植物はどれか.,バイケイソウ,レンゲツツジ,ワラビ,ユズリハ,シキミ,3,3,ワラビ
39,72,N,72-N-039,診療記録に記載する事項として適切でないのはどれか。,動物の飼育環境,飼い主の氏名,動物の飼育目的,飼い主に対する感想,治療プラン,4,4,飼い主に対する感想
40,72,N,72-N-040,イベルメクチンの投与を慎重に行うべき犬種はどれか。,コリー,スタンダード・プードル,ダルメシアン,シー・ズー,セント・バーナード,1,1,コリー
41,72,N,72-N-041,欠乏すると牛のグラステタニーの原因となるのはどれか。,K,Na,Ca,Mg,P,4,4,Mg
42,72,N,72-N-042,放射線感受性が最も低い組織・器官はどれか。,精巣,神経,小腸,肝臓,骨髄,2,2,神経
43,72,N,72-N-043,高LET 線はどれか。(LET = 線エネルギー付与),X線,電子線,アルファ線,ガンマ線,ベータ線,3,3,アルファ線
44,72,N,72-N-044,合成吸収性縫合糸はどれか。,絹糸,ステンレススチール,ナイロン,ポリジオキサノン,ポリプロピレン,4,4,ポリジオキサノン
45,72,N,72-N-045,管腔臓器を把持する鉗子として適当でないのはどれか。,アリス鉗子,ケリー鉗子,モスキート鉗子,バブコック鉗子,コッヘル鉗子,4,4,バブコック鉗子
46,72,N,72-N-046,犬において成長してからの恐怖反応を予防するために、さまざまな刺激に触れさせておくことが重要となるのはいつか。,新生子期,移行期,社会化期,若年期,成熟期,3,3,社会化期
47,72,N,72-N-047,短日繁殖動物はどれか。,牛,馬,豚,めん羊,犬,4,4,めん羊
48,72,N,72-N-048,犬の妊娠期間として適当なのはどれか。,63日,114日,150日,285日,338日,1,1,63日
49,72,N,72-N-049,実験動物の人獣共通感染症はどれか。,ティザー病,エクトロメリア,マウス肝炎,唾液腺涙腺炎,腎症候性出血熱,5,5,腎症候性出血熱
50,72,N,72-N-050,肝膵臓を持つ魚種はどれか。,ニジマス,コイ,ブリ,カンパチ,ニホンウナギ,2,2,コイ
1,73,N,73-N-001,飼い主が軽い呼吸器症状の猫を連れて来院し、猫の新型コロナウイルス(SARS-CoV-2)のPCR検査をしてほしいと言ってきた。飼い主自身が感染した可能性があるが検査を受けたくないので、代わりに猫の検査をしてほしいとのこと。獣医師の対応として最も適切なのはどれか。,飼い主自身に検査を勧め、自分(獣医師)は感染防護をして猫のSARS-CoV-2の検査を検討する。,ワクチンを接種していたら絶対に感染しないので、猫も感染していないと告げる。,猫が陽性であってもヒトに感染する可能性は全くないので、感染防護をしないで治療する。,自分(獣医師)が感染したくないので、猫を診察せずに帰ってもらう。,猫は確実に感染しているので安楽殺を勧める。,1,1,飼い主自身に検査を勧め、自分(獣医師)は感染防護をして猫のSARS-CoV-2の検査を検討する。
2,73,N,73-N-002,2週間前に避妊手術をした犬が元気食欲がないとの主訴で来院。手術時のガーゼが体内に残っていることが疑われた。獣医師の対応として最も適切なのはどれか。,試験開腹すると説明してガーゼを取り出すが、このことは説明しない。,原因不明と説明し、抗菌薬を投与する。,前回手術のガーゼが症状の原因となっている可能性を説明し、開腹する。,これ以上診察したくないので他の病院でセカンドオピニオンを求めることを勧める。,術後に体調が悪くなることは時々あるので経過観察するよう伝える。,3,3,前回手術のガーゼが症状の原因となっている可能性を説明し、開腹する。
3,73,N,73-N-003,近隣の病院に転院した猫が1日中吐いてぐったりしているが、転院先が休診なので診察してほしいという電話があった。獣医師の対応として最も適切なのはどれか。,転院したのだからその病院の診療日に診察を受けるように伝える。,すぐに連れて来るようにと返事する。,治療費を2倍支払うのであれば診察すると伝える。,こちらのカルテを廃棄したので他の病院を探すように伝える。,飲酒したことにして診療できないと告げる。,2,2,すぐに連れて来るようにと返事する。
4,73,N,73-N-004,A農場では多頭飼育で子牛が密集しており、年中下痢が続いている。農場の管理者から強力な抗菌薬を使ってほしいとの依頼があった。獣医師の対応として最も適切なのはどれか。,まず原因を追究するべきだと説明して同意を得る。,忙しいので研修にきた学生に抗菌薬を投与させる。,密飼いが原因なので抗菌薬を投与してすぐに出荷させる。,獣医師の利益を優先した治療を勧める。,農場主の経営方針が悪いと叱責する。,1,1,まず原因を追究するべきだと説明して同意を得る。
5,73,N,73-N-005,100頭規模の牛農場で治療中の甚急性乳房炎の牛が2頭死亡した。獣医師の対応として最も適切なのはどれか。,搾乳衛生の改善を管理者に指導する。,死亡した牛を直ちに敷地内に埋めるように指示をする。,飼養管理が悪いと管理者を叱責する。,都道府県知事に届ける。,全頭に抗菌薬を予防的に注射する。,1,1,搾乳衛生の改善を管理者に指導する。
6,73,N,73-N-006,牛を繁殖検診した結果、「妊娠していない」と診断しPGF2aを注射したが、数日後に流産してしまった。この獣医師がとるべき行動として適切でないのはどれか。,農場の管理者に事情を説明して誤診を謝罪する。,自分には責任がないので無視する。,上司や先輩にアドバイスを求める。,この牛の次の妊娠にむけて努力する。,誤診の原因を明確にし診断技術の向上に努める。,2,2,自分には責任がないので無視する。
7,73,N,73-N-007,動物検疫所の役割について誤っているのはどれか。,口蹄疫等の伝染性疾病の侵入防止を目的とした家畜等の輸入検査,国内での家畜伝染病発生時の防護服などの防疫資材の貸付,狂犬病の侵入防止を目的とした犬猫等の輸入検査,エボラ出血熱やマールブルグ病の侵入防止を目的としたヒトの入国検査,コイヘルペスウイルス等の侵入防止を目的とした水産動物の輸入許可,4,4,エボラ出血熱やマールブルグ病の侵入防止を目的としたヒトの入国検査
8,73,N,73-N-008,「獣医師法」において獣医師のみが診療を業務とすることができるのはどれか。,ウサギ,しか,だちょう,あひる,うずら,5,5,うずら
9,73,N,73-N-009,「と畜場法」において獣畜に定められているのはどれか。,鶏,馬,だちょう,イノシシ,しか,2,2,馬
10,73,N,73-N-010,食品衛生監視員を採用している行政機関はどれか。,農林水産省,内閣府食品安全委員会,厚生労働省,消費者庁,環境省,3,3,厚生労働省
11,73,N,73-N-011,「狂犬病予防法」の検疫対象動物はどれか。,牛,馬,だちょう,あらいぐま,サル,4,4,あらいぐま
12,73,N,73-N-012,「家畜伝染病予防法」において家畜伝染病に指定されているのはどれか。,アフリカ豚熱,破傷風,豚流行性下痢,牛伝染性鼻気管炎,類鼻疽,1,1,アフリカ豚熱
13,73,N,73-N-013,「医薬品、医療機器等の品質、有効性及び安全性の確保等に関する法律(薬機法)」に規定されている内容として正しいのはどれか。,毒劇物に関する表示や貯蔵,獣医師による副作用の報告,覚せい剤原料の譲り渡し及び譲り受け、保管、廃棄,エックス線装置の定期検査,動物薬事監視員による食品、添加物、器具及び容器包装の表示又は広告に係る監視指導,2,2,獣医師による副作用の報告
14,73,N,73-N-014,「獣医師法」における牛の診療簿の保存期間として正しいのはどれか。,4年間,5年間,6年間,7年間,8年間,5,5,8年間
15,73,N,73-N-015,動物愛護を担当する主な行政機関はどれか。,農林水産省,厚生労働省,文化庁,内閣府,環境省,5,5,環境省
16,73,N,73-N-016,国際獣疫事務局(OIE)の活動として正しいのはどれか。,人の健康水準を向上させ、感染症対策を行う。,貿易における国際通商ルールを協議する。,食品規格を作成し、消費者の健康保護及び公正な食品貿易を確保する。,動物衛生の向上を目的とし、動物疾病に関する情報を提供する。,飢餓の撲滅を目的とし、世界の農林水産業に関する情報を提供する。,4,4,動物衛生の向上を目的とし、動物疾病に関する情報を提供する。
17,73,N,73-N-017,子宮腔を左右に仕切る中隔(子宮帆)が最も発達している動物はどれか。,牛,馬,豚,犬,猫,1,1,牛
18,73,N,73-N-018,犬の上顎における永久歯列を示す歯式はどれか。,33,2033,3133,3142,3143,4,4,3142
19,73,N,73-N-019,赤血球の造血因子はどれか。,アルブミン,エリスロポエチン,ヒスタミン,トロンボポエチン,コロニー刺激因子,2,2,エリスロポエチン
20,73,N,73-N-020,腸管でカルシウムの吸収を促進するのはどれか。,ビタミンA,ビタミンB1,ビタミンB12,ビタミンD,ビタミンK,4,4,ビタミンD
21,73,N,73-N-021,甲状腺ホルモンの成分となる元素はどれか。,コバルト,銅,鉄,カルシウム,ヨウ素,5,5,ヨウ素
22,73,N,73-N-022,デンプンを構成する単糖はどれか。,スクロース,マンノース,ガラクトース,グルコース,ラクトース,4,4,グルコース
23,73,N,73-N-023,麻薬性鎮痛薬はどれか。,ヘキサメトニウム,プロメタジン,フェンタニル,ニコチン,アスピリン,3,3,フェンタニル
24,73,N,73-N-024,吸入麻酔薬の効力を比較する指標はどれか。,MAC,PAE,MBC,MIC,AUC,1,1,MAC
25,73,N,73-N-025,プロスタグランジン生成を阻害して消化管粘膜を傷害するのはどれか。,インドメタシン,エタノール,シスプラチン,シガトキシン,スクラルファート,1,1,インドメタシン
26,73,N,73-N-026,真菌の検出に用いられる組織染色法として適切なのはどれか。,グリメリウス法,グロコット染色,マッソン・トリクローム染色,チール・ネルゼン染色,リンタングステン酸ヘマトキシリン(PTAH)染色,2,2,グロコット染色
27,73,N,73-N-027,ピンク歯がみられる疾患はどれか。,ヘモジデローシス,ニーマン・ピック病,一酸化炭素中毒,セロイド・リポフスチン沈着症,ポルフィリン症,5,5,ポルフィリン症
28,73,N,73-N-028,抗体産生能をもつ細胞はどれか。,好塩基球,好中球,形質細胞,樹状細胞,好酸球,3,3,形質細胞
29,73,N,73-N-029,豚熱の原因ウイルスが属するウイルス科はどれか。,アスファウイルス科,サーコウイルス科,フラビウイルス科,レオウイルス科,アデノウイルス科,3,3,フラビウイルス科
31,73,N,73-N-031,偏性嫌気性菌はどれか。,大腸菌,ボツリヌス菌,緑膿菌,炭疽菌,ヨーネ菌,2,2,ボツリヌス菌
32,73,N,73-N-032,ヒトを終宿主とする寄生虫はどれか。,ベネデン条虫 (Moniezia benedeni),有鉤条虫(Taenia solium),胞状条虫(Taenia hydatigena),葉状条虫(Anoplocephala perfoliata),多包条虫(Echinococcus multilocularis),2,2,有鉤条虫(Taenia solium)
33,73,N,73-N-033,終宿主体内で単為生殖を行う寄生虫はどれか。,糞線虫(Strongyloides stercoralis),旋毛虫(Trichinella spiralis),多包条虫(Echinococcus multilocularis),犬回虫(Toxocara canis),日本住血吸虫(Schistosoma japonicum),1,1,糞線虫(Strongyloides stercoralis)
34,73,N,73-N-034,食品の「特定原材料」として表示が義務づけられているのはどれか。,アーモンド,カシューナッツ,くるみ,大豆,落花生,5,5,落花生
35,73,N,73-N-035,有病率(有病割合)を調べるための疫学研究手法はどれか。,記述疫学,症例対照研究,コホート研究,横断研究,生態学的研究,4,4,横断研究
36,73,N,73-N-036,リーシュマニア症の病原体を媒介する節足動物はどれか。,ツェツェバエ,サシチョウバエ,ヌカカ,サシガメ,ツツガムシ,2,2,サシチョウバエ
37,73,N,73-N-037,我が国で緊急時にのみ使用する目的でワクチンが備蓄されている感染症はどれか。,口蹄疫,牛海綿状脳症,馬伝染性貧血,豚の流行性脳炎,狂犬病,1,1,口蹄疫
38,73,N,73-N-038,リスク評価に基づき家畜に対する抗菌薬の使用を制限する行政機関はどれか。,厚生労働省,内閣府食品安全委員会,農林水産省,環境省,消費者庁,3,3,農林水産省
39,73,N,73-N-039,原発疹はどれか。,潰瘍,痂皮,脱毛,水疱,鱗屑,4,4,水疱
40,73,N,73-N-040,尿濃縮能を評価する尿検査項目はどれか。,比重,pH,タンパク,潜血,ウロビリノーゲン,1,1,比重
41,73,N,73-N-041,牛に棒状磁石を経口投与する目的として適切なのはどれか。,第一胃の蠕動改善,第一胃液pHの安定,持続的なミネラル供給,経口摂取した金属異物による傷害の予防,消化管血流の改善,4,4,経口摂取した金属異物による傷害の予防
42,73,N,73-N-042,発光物質を含む有機溶媒に試料を入れて放射線量を測定する方法はどれか。,比例計数管,液体シンチレーションカウンター,ガラス蛍光線量計,GM 計数管,熱ルミネッセンス線量計,2,2,液体シンチレーションカウンター
43,73,N,73-N-043,電子を金属に衝突させた際に原子から発生する電磁波はどれか。,アルファ線,ベータ線,X線,中性子線,電子線,3,3,X線
44,73,N,73-N-044,雄犬の腹部手術の準備に関する記述として適切でないのはどれか。,麻酔導入後にバリカンで毛を刈る。,カミソリで切開予定部を剃毛する。,クロルヘキシジンで術野を消毒する。,包皮内をポビドンヨードで洗浄する。,切開予定部から術野の辺縁に向かって消毒する。,2,2,カミソリで切開予定部を剃毛する。
45,73,N,73-N-045,鋼製手術器具の滅菌方法として最も適当なのはどれか。,ホルマリンによる燻蒸,煮沸消毒,高圧蒸気,次亜塩素酸ナトリウムへの浸漬,アルコールによる清拭,3,3,高圧蒸気
46,73,N,73-N-046,犬の分離不安に関する記述として正しいのはどれか。,我が国で認可されている動物用治療補助薬はない。,外出後3時間から6時間に徴候が発現することが多い。,家族との愛着関係が弱いことが病因として挙げられる。,犬用トイレ以外での排泄行動がみられることもある。,外出前後に愛情表現をしっかり示し、留守中の不安を減弱するよう指導する。,4,4,犬用トイレ以外での排泄行動がみられることもある。
47,73,N,73-N-047,豚の妊娠期間として適当なのはどれか。,63日,114日,150日,280日,335日,2,2,114日
48,73,N,73-N-048,牛のLHサージから排卵までの時間として最も適切なのはどれか。,6時間,18時間,28時間,42時間,54時間,3,3,28時間
49,73,N,73-N-049,ツボカビ科の真菌の感染に注意して取り扱うべき実験動物はどれか。,プラナリア,アフリカツメガエル,ゼブラフィッシュ,ショウジョウバエ,線虫,2,2,アフリカツメガエル
50,73,N,73-N-050,魚類の鰓において餌生物をこしとる構造はどれか。,鰓耙,鰓弁,二次鰓弁(鰓薄板),鰓弓,鰓蓋,1,1,鰓耙
1,74,N,74-N-001,猫を飼育している高齢で一人暮らしの飼い主が事故で歩行困難となり、十分な世話ができなくなったと相談を受けた。獣医師の対応として適切でないのはどれか。,獣医師が判断することではないので、警察に相談するよう伝える。,獣医師が猫をいったん預かり、飼い主の意思を確認したのち、所有権を放棄できることを伝える。,猫の所有権に関して飼い主に確認をとり、譲渡希望するなら団体等に連絡し譲渡先を探してもらう。,保健所や動物愛護管理センターに相談するように伝える。,家族に連絡を取ってもらい、猫を預かってもらう。,1,1,獣医師が判断することではないので、警察に相談するよう伝える。
2,74,N,74-N-002,獣医師として飼い主と良好なコミュニケーションを行うために適切なのはどれか。,飼い主の説明に十分な注意を払わない。,カルテをじっくり見ながら説明をする。,診断結果について丁寧に説明し、費用については治療後に分かると伝える。,治療方針を詳細に説明し同意を得る。,なるべく専門用語を用いて病状を説明する。,4,4,治療方針を詳細に説明し同意を得る。
3,74,N,74-N-003,獣医師の職業倫理に反するのはどれか。,離島なのでオンライン診療で対応した。,緊急時に診療せずに薬を処方した。,診療代金が高額なので分割で支払いたいとの依頼に応じた。,珍しい症例について飼い主の同意を得てSNSに掲載した。,他の獣医師の不適切な診療行為について本人に忠告した。,2,2,緊急時に診療せずに薬を処方した。
4,74,N,74-N-004,産業動物の獣医師の役割として最も不適切なのはどれか。,産業動物福祉に関する概念を一般社会に普及・啓発する。,抗菌剤の積極的使用により早期治療を実施する。,家畜の健康のみならず、畜産物としての安全性を熟知する。,産業動物の農場における飼養管理技術を指導する。,使用薬剤の出荷制限に関する知識を兼ね備える。,2,2,抗菌剤の積極的使用により早期治療を実施する。
5,74,N,74-N-005,動物福祉に関する記述として正しいのはどれか。,動物の権利は人の権利と同等であるという考えが基本となる。,動物愛護と同じ意味を持ち、弱者である動物を守る考えである。,動物の健康を守ることと動物福祉の考え方には関連性はない。,動物福祉対策は野生動物に対して適用する必要がない。,OIEでは「5つの自由」は動物福祉を考える上で役立つ指針とされている。,5,5,OIEでは「5つの自由」は動物福祉を考える上で役立つ指針とされている。
6,74,N,74-N-006,産業動物福祉の概念に該当しないのはどれか。,飼料や水は発育段階にあわせて十分に与える。,飼養施設は動物や昆虫の侵入を防ぐため換気しない。,痛みを伴うおそれのある処置を行う際は苦痛を緩和する。,家畜が休息するために必要なスペースを確保する。,家畜の輸送を行う場合は輸送時間を最小限とする。,2,2,飼養施設は動物や昆虫の侵入を防ぐため換気しない。
7,74,N,74-N-007,「家畜伝染病予防法」において家畜伝染病に指定されているのはどれか。,アナプラズマ症,アカバネ病,牛伝染性リンパ腫,牛ウイルス性下痢,馬インフルエンザ,1,1,アナプラズマ症
8,74,N,74-N-008,「感染症の予防及び感染症の患者に対する医療に関する法律(感染症法)」において獣医師に届出義務があるのはどれか。,伝達性海綿状脳症,炭疽,エキノコックス症,出血性敗血症,ラッサ熱,3,3,エキノコックス症
9,74,N,74-N-009,「と畜場法」においてとさつまたは解体が禁止されているのはどれか。,ニューカッスル病,クリプトスポリジウム症,狂犬病,豚マイコプラズマ性肺炎,パスツレラ症,3,3,狂犬病
10,74,N,74-N-010,食品のリスク評価を行う行政機関はどれか。,農林水産省,総務省,内閣府食品安全委員会,厚生労働省,都道府県,3,3,内閣府食品安全委員会
11,74,N,74-N-011,「食品衛生法」の規定に関する記述として誤っているのはどれか。,異物の混入によりヒトの健康を損なうものは食品として不適格である。,食品のほか、食品に使う器具や容器包装も対象としている。,全ての食品等事業者は HACCP に沿った衛生管理に取り組む必要がある。,厚生労働大臣が食品中の残留農薬等の基準を定める。,食品中の残留基準の対象には飼料添加物は含まれていない。,5,5,食品中の残留基準の対象には飼料添加物は含まれていない。
12,74,N,74-N-012,「獣医師法」に関する内容として正しいのはどれか。,国家試験に合格したら獣医師免許が与えられる。,刑事罰(酒気帯び運転等の罰金以上の刑)を受けた場合、獣医師免許を停止または獣医師免許を取り消されることがある。,犬の診療簿は1年間保存しなければならない。,動物取扱業者から電話で子猫が生まれたとの連絡があり、出生証明書を発行した。,獣医療を日常的に行わない場合、2年ごとの都道府県への届出は必要ない。,2,2,刑事罰(酒気帯び運転等の罰金以上の刑)を受けた場合、獣医師免許を停止または獣医師免許を取り消されることがある。
13,74,N,74-N-013,「獣医療法」に規定されていないのはどれか。,診療施設を開設したら、10日以内に届け出なければならない。,診療施設を廃止したら、10日以内に届け出なければならない。,往診のみの診療を行う場合は、その診療車両を届け出なければならない。,診療施設でエックス線装置を使用する場合は、放射線障害防止措置を講じなければならない。,診療施設の管理は獣医師が行なわなければならない。,3,3,往診のみの診療を行う場合は、その診療車両を届け出なければならない。
14,74,N,74-N-014,「医薬品、医療機器等の品質、有効性及び安全性の確保等に関する法律(薬機法)」に基づく記述として正しいのはどれか。,この法律の対象には化粧品は含まれない。,獣医師は自己の処方せんにより自ら調剤することができる。,動物用医薬品の規制の所管は厚生労働省である。,動物用医薬品の使用者が遵守すべき基準は成分ごとに定められている。,未承認医薬品の使用は省令で定める例外を除き禁止されている。,5,5,未承認医薬品の使用は省令で定める例外を除き禁止されている。
15,74,N,74-N-015,「愛がん動物用飼料の安全性の確保に関する法律(ペットフード安全法)」で義務付けられている表示に該当しないのはどれか。,名称,賞味期限,製造年月日,原材料名,原産国名,3,3,製造年月日
16,74,N,74-N-016,「身体障害者補助犬法」に関する記述として正しいのはどれか。,身体障害者補助犬とは、盲導犬、聴導犬、てんかん予知犬のことを指す。,身体障害者補助犬は公共交通機関において鉄道には同伴できるが、航空機には同伴できない。,身体障害者補助犬は救急車や病院内には同伴できない。,飲食を伴う施設には身体障害者補助犬を同伴できない。,身体障害者補助犬を同伴して各施設を利用する場合は、同伴する補助犬に関する表示や書類、行動管理の義務がある。,5,5,身体障害者補助犬を同伴して各施設を利用する場合は、同伴する補助犬に関する表示や書類、行動管理の義務がある。
17,74,N,74-N-017,脳神経のうち、三叉神経に含まれるのはどれか。,嗅神経,滑車神経,眼神経,舌咽神経,副神経,3,3,眼神経
18,74,N,74-N-018,歯床板を有する動物はどれか。,牛,馬,豚,猫,ウサギ,1,1,牛
19,74,N,74-N-019,活性化してプロトロンビンをトロンビンに変換する凝固因子はどれか。,第VII因子,第IX因子,第X因子,第XI因子,第XII因子,3,3,第X因子
20,74,N,74-N-020,二酸化炭素が細胞膜を介して移動する仕組みはどれか。,単純拡散,浸透,促進(促通)拡散,能動輸送,エンドサイトーシス,1,1,単純拡散
21,74,N,74-N-021,二糖はどれか。,マンノース,グルコース,ガラクトース,フルクトース,スクロース,5,5,スクロース
23,74,N,74-N-023,非ステロイド系抗炎症薬はどれか。,シメチジン,ケトプロフェン,プロカイン,ジフェンヒドラミン,ブレオマイシン,2,2,ケトプロフェン
24,74,N,74-N-024,抗不整脈薬はどれか。,ジアゼパム,キニジン,ダントロレン,アセプロマジン,ナロキソン,2,2,キニジン
25,74,N,74-N-025,3か月齢以下の幼若犬に関節障害を惹起するのはどれか。,ヘパリン,フェニトイン,オフロキサシン,カナマイシン,プラバスタチン,3,3,オフロキサシン
26,74,N,74-N-026,脳炎や脳傷害の際に出現する桿状細胞の由来はどれか。,星状膠細胞,希突起膠細胞,小膠細胞,上衣細胞,神経細胞,3,3,小膠細胞
27,74,N,74-N-027,風船状変性のみられる疾患はどれか。,鶏痘,副腎皮質機能亢進症,スクレイピー,にくずく肝,甲状腺機能低下症,1,1,鶏痘
28,74,N,74-N-028,牛の IgG に関する記述として正しいのはどれか。,初乳中に含まれる主要な Igクラスである。,血液中で5量体を形成する。,粘膜上皮細胞から分泌される。,即時型アレルギーに関与する。,初回免疫刺激の際に最も早く産生される。,1,1,初乳中に含まれる主要な Igクラスである。
29,74,N,74-N-029,エンベロープを有するウイルス科はどれか。,ノダウイルス科,ポリオーマウイルス科,ヘペウイルス科,アルテリウイルス科,パピローマウイルス科,4,4,アルテリウイルス科
30,74,N,74-N-030,ウイルス感染による家畜の疾患はどれか。,浮腫病,炭疽,伝染性胃腸炎,鼻疽,萎縮性鼻炎,3,3,伝染性胃腸炎
31,74,N,74-N-031,Edward Jenner の業績はどれか。,牛乳の低温殺菌法の発明,顕微鏡の発明,破傷風菌の嫌気培養法の確立,微生物病原説の提唱,種痘の有効性の証明,5,5,種痘の有効性の証明
32,74,N,74-N-032,宿主の肛門周囲や会陰部に産卵する寄生虫はどれか。,葉状条虫(Anoplocephala perfoliata),普通円虫(Strongylus vulgaris),大口馬胃虫(Draschia megastoma),馬蟯虫(Oxyuris equi),馬回虫(Parascaris equorum),4,4,馬蟯虫(Oxyuris equi)
33,74,N,74-N-033,雌の成虫のみが吸血する節足動物はどれか。,ヌカカ類,サシバエ類,マダニ類,シラミ類,ノミ類,1,1,ヌカカ類
34,74,N,74-N-034,「食鳥処理の事業の規制及び食鳥検査に関する法律」の所管省庁はどれか。,環境省,農林水産省,内閣府,厚生労働省,経済産業省,4,4,厚生労働省
35,74,N,74-N-035,「環境基本法」が定める典型7公害に該当しないのはどれか。,海洋汚染,大気汚染,水質汚濁,土壌汚染,地盤沈下,1,1,海洋汚染
36,74,N,74-N-036,2000年~2022年の間に我が国での感染による発生が確認されている人獣共通感染症はどれか。,黄熱,破傷風,ハンタウイルス肺症候群,鼻疽,ペスト,2,2,破傷風
37,74,N,74-N-037,2000年と2010年に我が国で発生した口蹄疫の原因ウイルスの血清型はどれか。,0型,A型,C型,Asial 型,SAT2型,1,1,0型
38,74,N,74-N-038,集団におけるある一時点での罹患個体の割合を示す疫学指標はどれか。,オッズ比,発生率,致命率,有病率,相対リスク,4,4,有病率
39,74,N,74-N-039,犬の永久歯 (犬歯)が萌出する時期はいつか。,20~40日齢,2~3か月齢,4~6か月齢,8~10か月齢,12~15か月齢,3,3,4~6か月齢
40,74,N,74-N-040,犬で心臓の連続性雑音が聴取されるのはどれか。,動脈管開存,肺動脈弁狭窄,心室中隔欠損,僧帽弁閉鎖不全,ファロー四徴症,1,1,動脈管開存
41,74,N,74-N-041,突然死を特徴とする豚の疾患はどれか。,マルベリー心臓病,亜鉛欠乏症,萎縮性鼻炎,滲出性表皮炎,豚赤痢,1,1,マルベリー心臓病
42,74,N,74-N-042,生体組織においてCT値が最も高いのはどれか。,ガス,脂肪,筋肉,水,骨,5,5,骨
43,74,N,74-N-043,放射線による急性障害はどれか。,白血病,発がん,白内障,脱毛,再生不良性貧血,4,4,脱毛
44,74,N,74-N-044,角針での縫合が適する組織はどれか。,消化管,皮膚,筋肉,肝臓,皮下組織,2,2,皮膚
45,74,N,74-N-045,予防的抗菌剤投与が必要ない手術はどれか。,人工材料による胸壁の再建,卵巣子宮摘出術,開放骨折の整復,交通事故による創傷の縫合,結腸切除・吻合術,2,2,卵巣子宮摘出術
46,74,N,74-N-046,しつけ教室を開催するにあたり、社会化期の子犬を対象とすることが重要である。犬の発達ステージの中で社会化期として最も適切なのはどれか。,0~3週齢,3~12週齢,3~6か月齢,6~12か月齢,12~24か月齢,2,2,3~12週齢
48,74,N,74-N-048,単発情動物はどれか。,牛,山羊,馬,豚,犬,5,5,犬
49,74,N,74-N-049,モルモットの妊娠期間として適当なのはどれか。,16日,25日,31日,42日,68日,5,5,68日
50,74,N,74-N-050,真骨魚類の免疫系に含まれるのはどれか。,リンパ節,骨髄,胚中心,脾臓,IgG,4,4,脾臓
1,75,N,75-N-001,隣家で多数の猫を屋外飼養しており、毎年子猫が生まれて困っているとの相談があった。行政機関の動物愛護業務に携わる獣医師が行う飼い主への対応として適当でないのはどれか。,近隣からの苦情を伝え、あとは自己責任で対応するよう伝える。,感染症対策や猫の病気の治療を行っているかを確認する。,不妊去勢手術の必要性について説明し、適正な頭数で飼養するよう伝える。,飼養数を減らすため譲渡先を探すよう伝える。,猫を屋内飼養するよう伝える。,1,1,近隣からの苦情を伝え、あとは自己責任で対応するよう伝える。
2,75,N,75-N-002,インフォームドコンセントに関する記述として最も適切なのはどれか。,診断や治療の内容(効果やリスクなど)について医療者側が専門用語を駆使してよく説明することをいう。,獣医療トラブルを防止するために行うものであり、飼い主との関係構築のためではない。,獣医療行為の効果とリスク、費用に関して十分説明し、理解と合意を得ることである。,伴侶動物においては救命を最優先し、飼い主が苦痛の軽減のための安楽死を望んだとしても獣医師は決して動物の命を奪ってはいけない。,産業動物は経済動物であるため、治療に際し農家の理解を求める必要はない。,3,3,獣医療行為の効果とリスク、費用に関して十分説明し、理解と合意を得ることである。
3,75,N,75-N-003,我が国における動物福祉(アニマルウェルフェア)の考え方に即した家畜の輸送に関する記述として正しいのはどれか。,短時間の輸送であれば特に配慮は必要ない。,長時間の輸送でも乗り物酔い防止のため給餌しない。,区画が十分広ければ、異なる動物種を区分して輸送する必要はない。,輸送中の責任者として獣医師を任命する必要がある。,積込みや積下ろしの際の環境にも配慮する必要がある。,5,5,積込みや積下ろしの際の環境にも配慮する必要がある。
4,75,N,75-N-004,動物実験における3R原則の組合せとして正しいのはどれか。,Reduction(削減) Responsibility (責任) Restriction (制限),Reduction(削減) Responsibility (責任) Restraint (拘束),Reduction (削減) Refinement (洗練) Restraint (拘束),Reduction (削減) Refinement (洗練) Replacement (代替),Reduction (削減) Replacement (代替) Restriction (制限),4,4,Reduction (削減) Refinement (洗練) Replacement (代替)
5,75,N,75-N-005,ペットロスに関する記述として最も適切なのはどれか。,ペットを失った家族の悲しみを表す言葉である。,ペットの行方不明や盗難はペットロスにならない。,ペットを失って正常な状態に回復するのに通常は1週間程度かかる。,インターネットなどを通じて誰にでも相談でき孤立することはない。,克服するには失ったペットのことを忘れる必要がある。,1,1,ペットを失った家族の悲しみを表す言葉である。
6,75,N,75-N-006,「牛の個体識別のための情報の管理及び伝達に関する特別措置法」に関する記述として誤っているのはどれか。,牛海綿状脳症の国内発生がきっかけで制定された。,牛の両耳に個体識別番号を表示した耳標を着けなければならない。,牛が出生したときは届け出なければならない。,牛が死亡したときは届け出なければならない。,牛の管理者は個体識別番号を表示した耳標を取り外すことができる。,5,5,牛の管理者は個体識別番号を表示した耳標を取り外すことができる。
7,75,N,75-N-007,動物衛生の向上を目的として設立された、重要感染症防疫や動物福祉に関わる政府間機関はどれか。,WHO(世界保健機関),WOAH (OIE)(国際獣疫事務局),FAO(国際連合食糧農業機関),WFP(国際連合世界食糧計画),IUCN(国際自然保護連合),2,2,WOAH (OIE)(国際獣疫事務局)
8,75,N,75-N-008,「と畜場法」で定める獣畜でないのはどれか。,牛,豚,めん羊,山羊,鶏,5,5,鶏
9,75,N,75-N-009,「獣医師法」に定められている獣医師の業務でないのはどれか。,飼育動物の診療,診断書の交付,保健衛生の指導,検案簿の保存,動物用医薬品の販売,5,5,動物用医薬品の販売
10,75,N,75-N-010,「医薬品、医療機器等の品質、有効性及び安全性の確保等に関する法律(薬機法)」に関する記述として最も適切なのはどれか。,規制の対象に化粧品は含まれない。,獣医師は未承認の動物用医薬品の効能について広告できる。,毒薬は施錠できる場所であれば他の品目と一緒に貯蔵できる。,獣医師には動物用医薬品の副作用について国への報告義務がある。,動物用医薬品の製造販売業の許可は厚生労働大臣に申請する。,4,4,獣医師には動物用医薬品の副作用について国への報告義務がある。
11,75,N,75-N-011,麻薬の使用と保管に関する記述として誤っているのはどれか。,麻薬管理者は麻薬に関する帳簿を備えることが義務づけられている。,麻薬施用者免許証は都道府県知事から取得する。,動物診療施設では麻薬施用者免許は獣医師、愛玩動物看護師に与えられる。,麻薬管理者免許は医師、歯科医師、獣医師または薬剤師に与えられる。,麻薬は麻薬業務所内で保管し、麻薬以外の医薬品と区別して鍵をかけた堅固な設備に貯蔵する。,3,3,動物診療施設では麻薬施用者免許は獣医師、愛玩動物看護師に与えられる。
12,75,N,75-N-012,「感染症の予防及び感染症の患者に対する医療に関する法律(感染症法)」に基づいて獣医師が届け出る義務があるサルの感染症はどれか。,細菌性赤痢,デング熱,エムポックス(サル痘),類鼻疽,Bウイルス感染症,1,1,細菌性赤痢
13,75,N,75-N-013,「特定外来生物による生態系等に係る被害の防止に関する法律(外来生物法)」に規定される特定外来生物に該当するのはどれか。,ハクビシン,キョン,だちょう,ヤドクガエル,セイヨウミツバチ,2,2,キョン
14,75,N,75-N-014,「家畜保健衛生所法」に定める家畜保健衛生所の業務として誤っているのはどれか。,野犬の捕獲,家畜衛生に関する思想の普及,家畜人工授精の実施に関する事務,家畜の保健衛生上必要な検査,家畜の伝染病の予防に関する助言,1,1,野犬の捕獲
15,75,N,75-N-015,カルタヘナ議定書の目的はどれか。,放射性物質の拡散防止,動物実験の制限,毒物及び劇物の適正管理,生物多様性の保全,野生動物の保護,4,4,生物多様性の保全
16,75,N,75-N-016,哺乳類家畜の小腸粘膜上皮の形態はどれか。,重層扁平上皮,単層円柱上皮,偽重層線毛上皮,移行上皮,単層扁平上皮,2,2,単層円柱上皮
17,75,N,75-N-017,哺乳類家畜の腎臓に関する記述として正しいのはどれか。,牛は腎盤腺をもつ。,馬は見かけ上の葉状腎(多葉腎)をもつ。,豚は腎杯をもつ。,犬は腎盤を欠く。,ウサギは腎洞を欠く。,3,3,豚は腎杯をもつ。
18,75,N,75-N-018,核でDNAが複製される細胞周期のステージはどれか。,M期,G期,$G_1$ 期,$G_2$ 期,S期,5,5,S期
19,75,N,75-N-019,哺乳類の細胞内液で最も濃度が高いイオンはどれか。,$Na^{+}$,$K^{+}$,$Ca^{2+}$,$Cl^{-}$,$HCO_{3}^{-}$,2,2,$K^{+}$
20,75,N,75-N-020,水溶性ビタミンはどれか。,A,$B_{1}$,D,E,K,2,2,$B_{1}$
21,75,N,75-N-021,プロテインキナーゼCを活性化するセカンドメッセンジャーはどれか。,ジアシルグリセロール,アデニル酸シクラーゼ,ホスホリパーゼ C,cGMP,cAMP,1,1,ジアシルグリセロール
22,75,N,75-N-022,競合性筋弛緩薬はどれか。,パンクロニウム,サクシニルコリン,デカメトニウム,ダントロレン,ヘキサメトニウム,1,1,パンクロニウム
23,75,N,75-N-023,免疫抑制薬はどれか。,タクロリムス,オンダンセトロン,デキストロメトルファン,スクラルファート,フェンタニル,1,1,タクロリムス
24,75,N,75-N-024,水俣病の原因物質はどれか。,ポリ塩化ビフェニル,カドミウム,メチル水銀,ヒ素,鉛,3,3,メチル水銀
25,75,N,75-N-025,真の腫瘍はどれか。,甲状腺腫,カルチノイド,分離腫,黄色腫,腸腺腫症,2,2,カルチノイド
26,75,N,75-N-026,中毒により尿細管上皮に核内封入体を形成するのはどれか。,カドミウム,鉄,銅,鉛,水銀,4,4,鉛
27,75,N,75-N-027,2011年に世界的に撲滅宣言が出された動物の感染症はどれか。,口蹄疫,アフリカ馬疫,牛疫,牛肺疫,小反芻獣疫,3,3,牛疫
28,75,N,75-N-028,「家畜伝染病予防法」において家畜伝染病に指定されているのはどれか。,豚インフルエンザ,豚流行性下痢,伝染性胃腸炎,豚水疱病,豚水疱疹,4,4,豚水疱病
29,75,N,75-N-029,DNAをゲノムとするウイルスはどれか。,カリシウイルス,アレナウイルス,コロナウイルス,イリドウイルス,トガウイルス,4,4,イリドウイルス
30,75,N,75-N-030,マスト細胞(肥満細胞)に結合してアレルギーに関与するのはどれか。,IgA,IgD,IgE,IgG,IgM,3,3,IgE
31,75,N,75-N-031,中間宿主を必要とする線虫はどれか。,犬鞭虫(Trichuris vulpis),犬回虫(Toxocara canis),犬鉤虫(Ancylostoma caninum),犬糸状虫(Dirofilaria immitis),糞線虫(Strongyloides stercoralis),4,4,犬糸状虫(Dirofilaria immitis)
32,75,N,75-N-032,成虫の柔組織に石灰小体が存在する寄生虫はどれか.,普通円虫(Strongylus vulgaris),平腹双口吸虫(Homalogaster paloniae),マンソン裂頭条虫(Spirometra erinaceieuropaei),壺型吸虫(Pharyngostomum cordatum),牛肺虫(Dictyocaulus viviparus),3,3,マンソン裂頭条虫(Spirometra erinaceieuropaei)
33,75,N,75-N-033,反芻動物のルーメンで発酵によって産生される温室効果ガスはどれか。,ハイドロフルオロカーボン (HFCs),メタン($CH_{4}$),亜酸化二窒素($N_{2}O$),パーフルオロカーボン(PFCs),六フッ化硫黄($SF_{6}$),2,2,メタン($CH_{4}$)
34,75,N,75-N-034,我が国の令和4年における食中毒統計で事件数が最も多い病因物質はどれか。,サルモネラ属菌,ノロウイルス,アニサキス,カンピロバクター,植物性自然毒,3,3,アニサキス
35,75,N,75-N-035,北海道で患者が多く報告されている人獣共通感染症はどれか。,ツツガムシ病,日本紅斑熱,野兎病,ライム病,レプトスピラ症,4,4,ライム病
36,75,N,75-N-036,口蹄疫の発生時に防疫措置の対象となる家畜はどれか。,馬,ウサギ,あひる,犬,めん羊,5,5,めん羊
37,75,N,75-N-037,観察集団において一定期間内に疾病が新たに発生する率を表す指標はどれか。,発生率,死亡率,有病率,致命率,累積罹患率,1,1,発生率
38,75,N,75-N-038,企図振戦の原因となる障害部位はどれか。,大脳皮質,大脳辺縁系,小脳,中脳,延髄,3,3,小脳
39,75,N,75-N-039,全身性炎症反応症候群 (SIRS) の診断指標でないのはどれか。,体温,呼吸数,心拍数,白血球数,血小板数,5,5,血小板数
41,75,N,75-N-041,放射線感受性が最も高いのはどれか。,皮膚,筋肉,リンパ節,脳,甲状腺,3,3,リンパ節
42,75,N,75-N-042,国際放射線防護委員会 (ICRP)の2007年勧告において組織加重係数が最も高いのはどれか。,膀胱,乳房,肝臓,脳,唾液腺,2,2,乳房
43,75,N,75-N-043,犬のイソフルランの最小肺胞濃度 (MAC) として適切なのはどれか。,1.30%,1.70%,2.10%,3.10%,7.20%,1,1,1.30%
44,75,N,75-N-044,胃切開部の縫合法として適当でないのはどれか。,単純結節縫合,単純連続縫合,Gambee 縫合,Lembert 縫合,垂直マットレス縫合,5,5,垂直マットレス縫合
45,75,N,75-N-045,犬の攻撃行動または攻撃性に関する記述として誤っているのはどれか。,攻撃行動は身体的な問題から二次的に生じている可能性があるので、必ずその鑑別が必要である。,飼い主との主従関係が破綻していることが理由である場合、体罰が治療に必要である。,攻撃行動は高い遺伝率が知られており、特定の血統に攻撃的な個体が多いことが報告されている。,攻撃性の環境因子として不適切な飼育管理や社会化の不足がある。,攻撃行動は間違った学習により悪化することがあるので、獣医師が早期に介入すべきである。,2,2,飼い主との主従関係が破綻していることが理由である場合、体罰が治療に必要である。
46,75,N,75-N-046,片側性会陰ヘルニア整復術の合併症として適当でないのはどれか。,便失禁,直腸脱,跛行,感染,再発,1,1,便失禁
47,75,N,75-N-047,卵胞刺激ホルモン(FSH)の産生部位はどれか。,視床下部,下垂体前葉,松果体,卵巣,子宮,2,2,下垂体前葉
48,75,N,75-N-048,帯状胎盤の動物はどれか。,馬,牛,山羊,豚,犬,5,5,犬
49,75,N,75-N-049,「特に指定された微生物・寄生虫のいない動物」と定義されるのはどれか。,ノトバイオート,無菌動物,クローン動物,コンベンショナル動物,SPF 動物,5,5,SPF 動物
50,75,N,75-N-050,海水の平均的な塩分濃度はどれか。,0.50%,1.50%,2.50%,3.50%,4.50%,4,4,3.50%
1,76,N,76-N-001,獣医師の行動として適切でないのはどれか。,状態の悪い動物が入院していたため、雇用している獣医師1名を指名し、1週間付き切りで勤務させた。,薬剤耐性菌を有する外傷症例であったため、入院は他の動物と一緒の部屋にしてほしいと言う飼い主の申し出を断った。,去勢手術の予定があったが、午前中の診察が長引いたので、飼い主の同意を得て手術を翌日に延期した。,自院の設備が不十分で、治療リスクが高い症例を他の適切な獣医療施設に紹介した。,保険請求のため、今回治療した先天性疾患を後天的なものとして診断書を書いてほしいという飼い主の要求を断った。,1,1,状態の悪い動物が入院していたため、雇用している獣医師1名を指名し、1週間付き切りで勤務させた。
2,76,N,76-N-002,実験動物の福祉と倫理に関する記述として適切でないのはどれか。,本来の習性に近い行動ができる環境での飼養が望ましい。,疾患モデル動物では発症によって相応の苦痛が生じると考えるべきである。,実験に支障を及ぼさない範囲で麻酔や鎮痛処置を行う。,実験に使う動物数はできる限り少なくすべきである。,麻酔薬を用いて安楽殺する場合は動物の状態にかかわらず時間をかけて投与する。,5,5,麻酔薬を用いて安楽殺する場合は動物の状態にかかわらず時間をかけて投与する。
3,76,N,76-N-003,養鶏場から飼養家きんの死亡が急激に増えているとの連絡があった。同事実を確認した獣医師が最初にとるべき行動として最も適当なのはどれか。,同様の症状がないか、近隣の養鶏場に直行して聞き取りをする。,死亡鶏を死亡獣畜取扱場に運搬するよう指示する。,異常がみられない鶏を近隣の養鶏場に避難させるよう指示する。,管轄の家畜保健衛生所に連絡する。,死亡数が減少するまで様子を見るよう指示する。,4,4,管轄の家畜保健衛生所に連絡する。
4,76,N,76-N-004,獣医療に関する記述として正しいのはどれか。,急患では診療簿に診療を行った年月日のみを記載すればよい。,友人の犬を私的に避妊手術した場合は診療簿の作成は不要である。,診療簿には診療した動物の所有者の氏名と住所を記載する必要がある。,診療簿の保管期間はすべての動物において3年間である。,友人の獣医師から依頼されたため、自ら診察せずに薬を処方した。,3,3,診療簿には診療した動物の所有者の氏名と住所を記載する必要がある。
5,76,N,76-N-005,獣医師の行動として最も適当なのはどれか。,診療費が払えそうにない飼い主が来院したので診療を断った。,飼い主に頼まれたため、診療簿の初診日を1週間後に書き換えた。,口蹄疫を疑ったが、貴重な血統の牛なので診察しなかったことにした。,ペットロスに苦しむ飼い主に早く忘れるべきだと叱責した。,愛犬との災害時の避難について備えておくよう指導した。,5,5,愛犬との災害時の避難について備えておくよう指導した。
6,76,N,76-N-006,「飼料の安全性の確保及び品質の改善に関する法律(飼料安全法)」の対象動物でないのはどれか。,牛,馬,豚,犬,山羊,4,4,犬
7,76,N,76-N-007,「感染症の予防及び感染症の患者に対する医療に関する法律(感染症法)」に基づいて対象動物を診断した獣医師が届け出る義務のある感染症はどれか。,ペスト,オウム病,ラッサ熱,コレラ,ジフテリア,1,1,ペスト
8,76,N,76-N-008,特定の地域からの牛受精卵の輸入を原則として禁止している法律はどれか。,「検疫法」,「感染症の予防及び感染症の患者に対する医療に関する法律(感染症法)」,「家畜改良増殖法」,「家畜伝染病予防法」,「家畜保健衛生所法」,4,4,「家畜伝染病予防法」
9,76,N,76-N-009,日本の家畜共済制度に関する記述として正しいのはどれか。,農業保険法に基づく制度である。,牛の胎児は対象とならない。,家畜が死亡するか廃用になった場合のみ補償の対象となる。,対象家畜に鶏が含まれる。,自由診療であり、診療点数は決められていない。,1,1,農業保険法に基づく制度である。
10,76,N,76-N-010,3か月齢の牛が急性鼓張症で死亡した。死亡牛の処理に関する記述として最も適切なのはどれか。,と畜場に搬入して処分する。,農場の敷地内に埋却する。,農場の敷地内で焼却する。,産業廃棄物として死亡獣畜取扱場に搬入する。,可燃物としてごみ処理施設に搬入する。,4,4,産業廃棄物として死亡獣畜取扱場に搬入する。
11,76,N,76-N-011,「獣医師法」に関連する記述として正しいのはどれか。,獣医師国家試験に合格すればただちに獣医師を名乗ることができる。,獣医師免許の登録事項変更の申請は変更を生じた日から1年以内である。,診療を業務とする獣医師は正当な理由がなく診療を拒んではならない。,診療を業務とする獣医師は臨床研修に努めなくてもよい。,獣医師は3年ごとに氏名その他所定の事項を農林水産大臣に届け出なければならない。,3,3,診療を業務とする獣医師は正当な理由がなく診療を拒んではならない。
12,76,N,76-N-012,「獣医師法」に基づき獣医師のみが業務として診療できるのはどれか。,ウサギ,山羊,みつばち,コイ,あひる,2,2,山羊
13,76,N,76-N-013,飼育動物の診療施設に関する記述として正しいのはどれか。,獣医師のみが開設者となることができる。,開設した日から30日以内に農林水産大臣に届け出なければならない。,消毒設備を設けなければならない。,往診のみで業務を行う場合は開設届の対象とならない。,X線装置を使用する場合、出力が低ければ防護措置を取らなくて良い。,3,3,消毒設備を設けなければならない。
14,76,N,76-N-014,「医薬品、医療機器等の品質、有効性及び安全性の確保等に関する法律(薬機法)」に規定されているのはどれか。,食品中の動物用医薬品の残留規制,麻薬管理者免許に関する事項,飼料添加物の表示,動物用医薬品の副作用報告義務,診療行為に関する広告の制限,4,4,動物用医薬品の副作用報告義務
15,76,N,76-N-015,我が国における牛海綿状脳症(BSE)の発生を受け、平成15年に制定された法律はどれか。,「飼料の安全性の確保及び品質の改善に関する法律(飼料安全法)」,「食品表示法」,「牛の個体識別のための情報の管理及び伝達に関する特別措置法」,「感染症の予防及び感染症の患者に対する医療に関する法律(感染症法)」,「食品衛生法」,3,3,「牛の個体識別のための情報の管理及び伝達に関する特別措置法」
16,76,N,76-N-016,トルイジンブルー染色で異調染色性(メタクロマジー)を示す細胞はどれか。,線維芽細胞,色素細胞(メラニン細胞),形質細胞,肥満細胞,マクロファージ,4,4,肥満細胞
17,76,N,76-N-017,耳管憩室(喉嚢)をもつ動物はどれか。,牛,馬,豚,犬,鶏,2,2,馬
18,76,N,76-N-018,近位尿細管で再吸収されないのはどれか。,水,グルコース,Na,アミノ酸,クレアチニン,5,5,クレアチニン
19,76,N,76-N-019,下垂体前葉から放出されるホルモンはどれか。,性腺刺激ホルモン放出ホルモン (GnRH),オキシトシン,副腎皮質刺激ホルモン,ソマトメジン,アルドステロン,3,3,副腎皮質刺激ホルモン
20,76,N,76-N-020,血清中に含まれないのはどれか。,フィブリノーゲン,グルコース,トランスフェリン,アルブミン,クレアチニン,1,1,フィブリノーゲン
21,76,N,76-N-021,DNAを有する細胞内小器官はどれか。,リソソーム,ゴルジ体,ペルオキシソーム,ミトコンドリア,小胞体,4,4,ミトコンドリア
22,76,N,76-N-022,H₂ヒスタミン受容体拮抗薬はどれか。,ジブカイン,フェントラミン,ジフェンヒドラミン,ファモチジン,クレマスチン,4,4,ファモチジン
23,76,N,76-N-023,注射用全身麻酔薬はどれか。,チオペンタール,メトプロロール,ハロペリドール,バクロフェン,ナロキソン,1,1,チオペンタール
24,76,N,76-N-024,スモン (亜急性脊髄視神経症)の原因物質はどれか。,ストレプトマイシン,サリドマイド,キノホルム,ペニシリン,クロロキン,3,3,キノホルム
25,76,N,76-N-025,高カルシウム血症を併発しやすい腫瘍はどれか。,副腎皮質腺腫,インスリノーマ,グルカゴノーマ,肛門嚢腺癌,肥満細胞腫,4,4,肛門嚢腺癌
26,76,N,76-N-026,ネグリ小体がみられるのはどれか。,犬ジステンパー,オーエスキー病,マレック病,オウムの嘴羽毛病,狂犬病,5,5,狂犬病
27,76,N,76-N-027,歴史上初めて発見された動物ウイルス(濾過性病原体)はどれか。,鶏肉腫ウイルス,インフルエンザウイルス,口蹄疫ウイルス,狂犬病ウイルス,黄熱ウイルス,3,3,口蹄疫ウイルス
28,76,N,76-N-028,ウイルスの垂直伝播はどれか。,糞口感染,飛沫感染,接触感染,飛沫核感染,介卵感染,5,5,介卵感染
29,76,N,76-N-029,グラム陽性菌が病原体である動物の疾患はどれか。,出血性敗血症,気腫疽,鼻疽,馬パラチフス,萎縮性鼻炎,2,2,気腫疽
30,76,N,76-N-030,真菌の有性胞子はどれか。,厚膜胞子,接合胞子,分生子,胞子嚢胞子,遊走子,2,2,接合胞子
31,76,N,76-N-031,成虫に消化管がないのはどれか。,猫回虫(Toxocara cati),ベネデン条虫 (Moniezia benedeni),ウェステルマン肺吸虫(Paragonimus westermani),イヌジラミ(Linognathus setosus),クリイロコイタマダニ(Rhipicephalus sanguineus),2,2,ベネデン条虫 (Moniezia benedeni)
32,76,N,76-N-032,日本住血吸虫(Schistosoma japonicum)の中間宿主はどれか。,カワニナ,ミヤイリガイ,マメタニシ,ヒラマキミズマイマイ,ケンミジンコ,2,2,ミヤイリガイ
33,76,N,76-N-033,食品の国際規格基準を策定する機関はどれか。,コーデックス委員会,国際獣疫事務局(WOAH),国際連合食糧農業機関(FAO),世界貿易機関(WTO),世界保健機関(WHO),1,1,コーデックス委員会
34,76,N,76-N-034,「感染症の予防及び感染症の患者に対する医療に関する法律(感染症法)」に基づき我が国への輸入が禁止されている動物はどれか。,ヒトコブラクダ,ダチョウ,センザンコウ,コウモリ,アライグマ,4,4,コウモリ
35,76,N,76-N-035,「環境基本法」に基づいて環境基準が定められていないのはどれか。,騒音,振動,大気汚染,土壌汚染,地下水の水質汚濁,2,2,振動
36,76,N,76-N-036,環境性乳房炎の原因菌はどれか。,Staphylococcus aureus,Escherichia coli,Corynebacterium bovis,Streptococcus agalactiae,Mycoplasma bovis,2,2,Escherichia coli
37,76,N,76-N-037,データのばらつき具合を示す指標はどれか。,平均値,p値,中央値,最頻値,標準偏差,5,5,標準偏差
38,76,N,76-N-038,犬のうっ血性左心不全の徴候として最も適当なのはどれか。,肺水腫,胸水貯留,腹水貯留,失神,皮下浮腫,1,1,肺水腫
40,76,N,76-N-040,不足すると牛のグラステタニーを引き起こす物質はどれか。,マグネシウム,カルシウム,鉄,リン,亜鉛,1,1,マグネシウム
41,76,N,76-N-041,放射能の単位はどれか。,グレイ,カーマ,シーベルト,レントゲン,ベクレル,5,5,ベクレル
42,76,N,76-N-042,MRI撮影室および撮影時の注意点に関する記述として誤っているのはどれか。,金属製の酸素ボンベを持ち込んではならない。,撮影時のみ磁場が発生する。,磁気データ消失の危険性がある。,電子機器を誤作動させる可能性がある。,金属インプラントの発熱による熱傷が起こり得る。,2,2,撮影時のみ磁場が発生する。
43,76,N,76-N-043,犬で心肺蘇生時に静脈が確保できない場合の薬剤投与経路として最も適当なのはどれか。,気管内,腹腔内,胸腔内,食道内,心腔内,1,1,気管内
44,76,N,76-N-044,腸管で最も強い縫合糸支持力を有する層はどれか。,粘膜固有層,粘膜下組織,アウエルバッハ神経叢,筋層,漿膜,2,2,粘膜下組織
45,76,N,76-N-045,野良猫に関する記述として誤っているのはどれか。,野良猫とは人間の生活に依存するが飼い主のいない猫である。,屋外飼育の猫は野良猫に由来する感染症に罹患するリスクがある。,保護した野良猫の譲渡は行政機関を介して行う必要がある。,地域の理解のもとに住人等複数で野良猫を管理することを地域猫活動という。,TNR とは Trap、Neuter、Return の頭文字をとったもので野良猫を捕獲し、不妊手術をして同じ場所に戻す活動が一般的である。,3,3,保護した野良猫の譲渡は行政機関を介して行う必要がある。
46,76,N,76-N-046,メッツェンバウム剪刀の用途として最も適当なのはどれか。,縫合糸の切断,白線の切開,粘膜の切除,皮膚の切開,腱の切断,3,3,粘膜の切除
47,76,N,76-N-047,発情期にライトニングがみられる動物はどれか。,牛,馬,豚,犬,猫,2,2,馬
48,76,N,76-N-048,犬の妊娠期間として最も適切なのはどれか。,33日,63日,114日,150日,180日,2,2,63日
49,76,N,76-N-049,マウスの妊娠期間として最も適切なのはどれか。,18〜20日,30〜31日,59〜72日,85〜90日,112〜118日,1,1,18〜20日
50,76,N,76-N-050,真骨魚類のみに特有な内分泌腺はどれか。,鰓後腺,スタニウス小体,副甲状腺,松果体,膵臓ランゲルハンス島,2,2,スタニウス小体
